rate_date,from_currency,to_currency,rate
2024-01-01,USD,JPY,140.75
2024-01-01,USD,EUR,0.9093
2024-01-01,USD,BRL,4.9148
2024-01-01,USD,INR,82.8046
2024-01-01,USD,MXN,17.1649
2024-01-01,USD,GBP,0.7888
2024-01-01,USD,SGD,1.3558
2024-01-01,USD,AUD,0.6661
2024-01-01,USD,CNY,7.0765
2024-01-02,USD,JPY,140.81
2024-01-02,USD,EUR,0.9078
2024-01-02,USD,BRL,4.8138
2024-01-02,USD,INR,82.5525
2024-01-02,USD,MXN,16.9152
2024-01-02,USD,GBP,0.7814
2024-01-02,USD,SGD,1.3345
2024-01-02,USD,AUD,0.652
2024-01-02,USD,CNY,7.1161
2024-01-03,USD,JPY,140.13
2024-01-03,USD,EUR,0.9032
2024-01-03,USD,BRL,5.0172
2024-01-03,USD,INR,82.4631
2024-01-03,USD,MXN,17.2145
2024-01-03,USD,GBP,0.783
2024-01-03,USD,SGD,1.3347
2024-01-03,USD,AUD,0.661
2024-01-03,USD,CNY,7.0433
2024-01-04,USD,JPY,140.81
2024-01-04,USD,EUR,0.9073
2024-01-04,USD,BRL,4.8518
2024-01-04,USD,INR,82.392
2024-01-04,USD,MXN,17.4844
2024-01-04,USD,GBP,0.7901
2024-01-04,USD,SGD,1.3297
2024-01-04,USD,AUD,0.6667
2024-01-04,USD,CNY,7.0402
2024-01-05,USD,JPY,140.76
2024-01-05,USD,EUR,0.9006
2024-01-05,USD,BRL,4.7584
2024-01-05,USD,INR,82.5558
2024-01-05,USD,MXN,17.3195
2024-01-05,USD,GBP,0.7911
2024-01-05,USD,SGD,1.3392
2024-01-05,USD,AUD,0.6578
2024-01-05,USD,CNY,7.0277
2024-01-06,USD,JPY,140.34
2024-01-06,USD,EUR,0.9082
2024-01-06,USD,BRL,5.0071
2024-01-06,USD,INR,82.5893
2024-01-06,USD,MXN,16.9465
2024-01-06,USD,GBP,0.7919
2024-01-06,USD,SGD,1.3366
2024-01-06,USD,AUD,0.6549
2024-01-06,USD,CNY,7.1326
2024-01-07,USD,JPY,141.26
2024-01-07,USD,EUR,0.9153
2024-01-07,USD,BRL,4.8276
2024-01-07,USD,INR,82.4628
2024-01-07,USD,MXN,17.2628
2024-01-07,USD,GBP,0.7952
2024-01-07,USD,SGD,1.3357
2024-01-07,USD,AUD,0.6588
2024-01-07,USD,CNY,7.0471
2024-01-08,USD,JPY,140.18
2024-01-08,USD,EUR,0.9148
2024-01-08,USD,BRL,5.0572
2024-01-08,USD,INR,82.5144
2024-01-08,USD,MXN,17.3659
2024-01-08,USD,GBP,0.7922
2024-01-08,USD,SGD,1.3341
2024-01-08,USD,AUD,0.6633
2024-01-08,USD,CNY,7.1798
2024-01-09,USD,JPY,140.8
2024-01-09,USD,EUR,0.9187
2024-01-09,USD,BRL,4.6696
2024-01-09,USD,INR,82.6973
2024-01-09,USD,MXN,17.2306
2024-01-09,USD,GBP,0.7889
2024-01-09,USD,SGD,1.3416
2024-01-09,USD,AUD,0.6445
2024-01-09,USD,CNY,7.0923
2024-01-10,USD,JPY,141.04
2024-01-10,USD,EUR,0.9184
2024-01-10,USD,BRL,4.8896
2024-01-10,USD,INR,82.3753
2024-01-10,USD,MXN,17.1445
2024-01-10,USD,GBP,0.7951
2024-01-10,USD,SGD,1.344
2024-01-10,USD,AUD,0.6563
2024-01-10,USD,CNY,7.1294
2024-01-11,USD,JPY,140.95
2024-01-11,USD,EUR,0.9159
2024-01-11,USD,BRL,4.8811
2024-01-11,USD,INR,82.4756
2024-01-11,USD,MXN,17.1631
2024-01-11,USD,GBP,0.7832
2024-01-11,USD,SGD,1.3438
2024-01-11,USD,AUD,0.6626
2024-01-11,USD,CNY,7.1044
2024-01-12,USD,JPY,140.82
2024-01-12,USD,EUR,0.9041
2024-01-12,USD,BRL,4.9189
2024-01-12,USD,INR,82.4767
2024-01-12,USD,MXN,17.1038
2024-01-12,USD,GBP,0.7898
2024-01-12,USD,SGD,1.3449
2024-01-12,USD,AUD,0.6757
2024-01-12,USD,CNY,7.1132
2024-01-13,USD,JPY,141.11
2024-01-13,USD,EUR,0.9109
2024-01-13,USD,BRL,4.7786
2024-01-13,USD,INR,82.544
2024-01-13,USD,MXN,17.2353
2024-01-13,USD,GBP,0.803
2024-01-13,USD,SGD,1.3391
2024-01-13,USD,AUD,0.6631
2024-01-13,USD,CNY,7.1032
2024-01-14,USD,JPY,140.44
2024-01-14,USD,EUR,0.9171
2024-01-14,USD,BRL,5.055
2024-01-14,USD,INR,82.7116
2024-01-14,USD,MXN,17.0921
2024-01-14,USD,GBP,0.7977
2024-01-14,USD,SGD,1.327
2024-01-14,USD,AUD,0.6654
2024-01-14,USD,CNY,7.2149
2024-01-15,USD,JPY,140.56
2024-01-15,USD,EUR,0.9087
2024-01-15,USD,BRL,4.999
2024-01-15,USD,INR,82.4568
2024-01-15,USD,MXN,16.9981
2024-01-15,USD,GBP,0.7911
2024-01-15,USD,SGD,1.3305
2024-01-15,USD,AUD,0.6646
2024-01-15,USD,CNY,7.0598
2024-01-16,USD,JPY,141.87
2024-01-16,USD,EUR,0.9077
2024-01-16,USD,BRL,4.9659
2024-01-16,USD,INR,82.7243
2024-01-16,USD,MXN,17.0482
2024-01-16,USD,GBP,0.792
2024-01-16,USD,SGD,1.3543
2024-01-16,USD,AUD,0.648
2024-01-16,USD,CNY,7.1154
2024-01-17,USD,JPY,141.27
2024-01-17,USD,EUR,0.9157
2024-01-17,USD,BRL,4.8833
2024-01-17,USD,INR,82.3017
2024-01-17,USD,MXN,17.3134
2024-01-17,USD,GBP,0.7924
2024-01-17,USD,SGD,1.3438
2024-01-17,USD,AUD,0.6636
2024-01-17,USD,CNY,7.0726
2024-01-18,USD,JPY,141.3
2024-01-18,USD,EUR,0.9133
2024-01-18,USD,BRL,4.9443
2024-01-18,USD,INR,82.943
2024-01-18,USD,MXN,17.3083
2024-01-18,USD,GBP,0.785
2024-01-18,USD,SGD,1.348
2024-01-18,USD,AUD,0.6531
2024-01-18,USD,CNY,7.1463
2024-01-19,USD,JPY,141.8
2024-01-19,USD,EUR,0.9079
2024-01-19,USD,BRL,5.1206
2024-01-19,USD,INR,82.6565
2024-01-19,USD,MXN,17.3628
2024-01-19,USD,GBP,0.8005
2024-01-19,USD,SGD,1.339
2024-01-19,USD,AUD,0.655
2024-01-19,USD,CNY,7.0629
2024-01-20,USD,JPY,140.85
2024-01-20,USD,EUR,0.9117
2024-01-20,USD,BRL,5.0667
2024-01-20,USD,INR,82.6334
2024-01-20,USD,MXN,17.3657
2024-01-20,USD,GBP,0.7911
2024-01-20,USD,SGD,1.3561
2024-01-20,USD,AUD,0.6589
2024-01-20,USD,CNY,7.2438
2024-01-21,USD,JPY,141.61
2024-01-21,USD,EUR,0.9079
2024-01-21,USD,BRL,4.9335
2024-01-21,USD,INR,82.6787
2024-01-21,USD,MXN,17.2103
2024-01-21,USD,GBP,0.7947
2024-01-21,USD,SGD,1.3464
2024-01-21,USD,AUD,0.6605
2024-01-21,USD,CNY,7.0659
2024-01-22,USD,JPY,140.58
2024-01-22,USD,EUR,0.9101
2024-01-22,USD,BRL,5.1341
2024-01-22,USD,INR,82.6291
2024-01-22,USD,MXN,17.0592
2024-01-22,USD,GBP,0.792
2024-01-22,USD,SGD,1.3456
2024-01-22,USD,AUD,0.6541
2024-01-22,USD,CNY,7.1163
2024-01-23,USD,JPY,141.41
2024-01-23,USD,EUR,0.9067
2024-01-23,USD,BRL,5.0919
2024-01-23,USD,INR,82.7026
2024-01-23,USD,MXN,17.4107
2024-01-23,USD,GBP,0.7965
2024-01-23,USD,SGD,1.328
2024-01-23,USD,AUD,0.6537
2024-01-23,USD,CNY,7.1348
2024-01-24,USD,JPY,141.68
2024-01-24,USD,EUR,0.9151
2024-01-24,USD,BRL,5.4488
2024-01-24,USD,INR,82.7087
2024-01-24,USD,MXN,17.4207
2024-01-24,USD,GBP,0.796
2024-01-24,USD,SGD,1.3484
2024-01-24,USD,AUD,0.6587
2024-01-24,USD,CNY,7.1474
2024-01-25,USD,JPY,141.07
2024-01-25,USD,EUR,0.9114
2024-01-25,USD,BRL,5.0221
2024-01-25,USD,INR,82.615
2024-01-25,USD,MXN,17.5998
2024-01-25,USD,GBP,0.782
2024-01-25,USD,SGD,1.3488
2024-01-25,USD,AUD,0.6484
2024-01-25,USD,CNY,7.0863
2024-01-26,USD,JPY,142.04
2024-01-26,USD,EUR,0.9131
2024-01-26,USD,BRL,4.9697
2024-01-26,USD,INR,82.4597
2024-01-26,USD,MXN,17.3567
2024-01-26,USD,GBP,0.7877
2024-01-26,USD,SGD,1.3442
2024-01-26,USD,AUD,0.6617
2024-01-26,USD,CNY,7.0777
2024-01-27,USD,JPY,142.61
2024-01-27,USD,EUR,0.916
2024-01-27,USD,BRL,4.8816
2024-01-27,USD,INR,82.6441
2024-01-27,USD,MXN,17.1577
2024-01-27,USD,GBP,0.7957
2024-01-27,USD,SGD,1.3342
2024-01-27,USD,AUD,0.6605
2024-01-27,USD,CNY,7.1359
2024-01-28,USD,JPY,142.01
2024-01-28,USD,EUR,0.907
2024-01-28,USD,BRL,5.057
2024-01-28,USD,INR,82.516
2024-01-28,USD,MXN,17.1612
2024-01-28,USD,GBP,0.8003
2024-01-28,USD,SGD,1.3463
2024-01-28,USD,AUD,0.6514
2024-01-28,USD,CNY,7.157
2024-01-29,USD,JPY,142.68
2024-01-29,USD,EUR,0.9182
2024-01-29,USD,BRL,4.9445
2024-01-29,USD,INR,82.5182
2024-01-29,USD,MXN,17.4514
2024-01-29,USD,GBP,0.788
2024-01-29,USD,SGD,1.3467
2024-01-29,USD,AUD,0.6677
2024-01-29,USD,CNY,7.0652
2024-01-30,USD,JPY,141.63
2024-01-30,USD,EUR,0.897
2024-01-30,USD,BRL,4.9997
2024-01-30,USD,INR,82.5687
2024-01-30,USD,MXN,17.0764
2024-01-30,USD,GBP,0.7998
2024-01-30,USD,SGD,1.3281
2024-01-30,USD,AUD,0.6581
2024-01-30,USD,CNY,7.1185
2024-01-31,USD,JPY,142.42
2024-01-31,USD,EUR,0.9061
2024-01-31,USD,BRL,5.2239
2024-01-31,USD,INR,82.6253
2024-01-31,USD,MXN,17.1185
2024-01-31,USD,GBP,0.794
2024-01-31,USD,SGD,1.3445
2024-01-31,USD,AUD,0.6568
2024-01-31,USD,CNY,7.1158
2024-02-01,USD,JPY,141.55
2024-02-01,USD,EUR,0.914
2024-02-01,USD,BRL,5.179
2024-02-01,USD,INR,82.9446
2024-02-01,USD,MXN,17.0823
2024-02-01,USD,GBP,0.8024
2024-02-01,USD,SGD,1.323
2024-02-01,USD,AUD,0.6605
2024-02-01,USD,CNY,7.1422
2024-02-02,USD,JPY,141.92
2024-02-02,USD,EUR,0.9104
2024-02-02,USD,BRL,5.0968
2024-02-02,USD,INR,82.5329
2024-02-02,USD,MXN,17.1817
2024-02-02,USD,GBP,0.796
2024-02-02,USD,SGD,1.3462
2024-02-02,USD,AUD,0.6562
2024-02-02,USD,CNY,7.1581
2024-02-03,USD,JPY,141.97
2024-02-03,USD,EUR,0.9177
2024-02-03,USD,BRL,5.1851
2024-02-03,USD,INR,82.4698
2024-02-03,USD,MXN,17.1883
2024-02-03,USD,GBP,0.7955
2024-02-03,USD,SGD,1.3488
2024-02-03,USD,AUD,0.6616
2024-02-03,USD,CNY,7.1194
2024-02-04,USD,JPY,142.5
2024-02-04,USD,EUR,0.9108
2024-02-04,USD,BRL,5.181
2024-02-04,USD,INR,82.5993
2024-02-04,USD,MXN,17.2419
2024-02-04,USD,GBP,0.7974
2024-02-04,USD,SGD,1.351
2024-02-04,USD,AUD,0.6684
2024-02-04,USD,CNY,7.1792
2024-02-05,USD,JPY,141.91
2024-02-05,USD,EUR,0.9172
2024-02-05,USD,BRL,5.0991
2024-02-05,USD,INR,82.7087
2024-02-05,USD,MXN,17.2572
2024-02-05,USD,GBP,0.7924
2024-02-05,USD,SGD,1.3488
2024-02-05,USD,AUD,0.6554
2024-02-05,USD,CNY,7.219
2024-02-06,USD,JPY,141.44
2024-02-06,USD,EUR,0.9079
2024-02-06,USD,BRL,5.2495
2024-02-06,USD,INR,82.8063
2024-02-06,USD,MXN,17.3725
2024-02-06,USD,GBP,0.7951
2024-02-06,USD,SGD,1.3428
2024-02-06,USD,AUD,0.6548
2024-02-06,USD,CNY,7.1186
2024-02-07,USD,JPY,141.64
2024-02-07,USD,EUR,0.9189
2024-02-07,USD,BRL,5.1222
2024-02-07,USD,INR,82.487
2024-02-07,USD,MXN,17.2329
2024-02-07,USD,GBP,0.7941
2024-02-07,USD,SGD,1.3374
2024-02-07,USD,AUD,0.6554
2024-02-07,USD,CNY,7.1274
2024-02-08,USD,JPY,142.14
2024-02-08,USD,EUR,0.9116
2024-02-08,USD,BRL,5.0926
2024-02-08,USD,INR,82.7026
2024-02-08,USD,MXN,17.0661
2024-02-08,USD,GBP,0.785
2024-02-08,USD,SGD,1.3359
2024-02-08,USD,AUD,0.6604
2024-02-08,USD,CNY,7.1312
2024-02-09,USD,JPY,142.8
2024-02-09,USD,EUR,0.9186
2024-02-09,USD,BRL,5.1262
2024-02-09,USD,INR,82.6565
2024-02-09,USD,MXN,17.1351
2024-02-09,USD,GBP,0.792
2024-02-09,USD,SGD,1.3403
2024-02-09,USD,AUD,0.6647
2024-02-09,USD,CNY,7.0747
2024-02-10,USD,JPY,142.36
2024-02-10,USD,EUR,0.922
2024-02-10,USD,BRL,5.1335
2024-02-10,USD,INR,82.7447
2024-02-10,USD,MXN,17.3912
2024-02-10,USD,GBP,0.7902
2024-02-10,USD,SGD,1.3455
2024-02-10,USD,AUD,0.6623
2024-02-10,USD,CNY,7.1213
2024-02-11,USD,JPY,141.75
2024-02-11,USD,EUR,0.9146
2024-02-11,USD,BRL,5.196
2024-02-11,USD,INR,82.9587
2024-02-11,USD,MXN,17.4338
2024-02-11,USD,GBP,0.803
2024-02-11,USD,SGD,1.3357
2024-02-11,USD,AUD,0.6692
2024-02-11,USD,CNY,7.126
2024-02-12,USD,JPY,143.27
2024-02-12,USD,EUR,0.9106
2024-02-12,USD,BRL,5.0637
2024-02-12,USD,INR,82.5527
2024-02-12,USD,MXN,16.9735
2024-02-12,USD,GBP,0.7897
2024-02-12,USD,SGD,1.3359
2024-02-12,USD,AUD,0.6635
2024-02-12,USD,CNY,7.1343
2024-02-13,USD,JPY,143.16
2024-02-13,USD,EUR,0.9195
2024-02-13,USD,BRL,5.0911
2024-02-13,USD,INR,82.497
2024-02-13,USD,MXN,17.368
2024-02-13,USD,GBP,0.7858
2024-02-13,USD,SGD,1.3618
2024-02-13,USD,AUD,0.6718
2024-02-13,USD,CNY,7.0942
2024-02-14,USD,JPY,141.4
2024-02-14,USD,EUR,0.9216
2024-02-14,USD,BRL,5.1381
2024-02-14,USD,INR,82.9284
2024-02-14,USD,MXN,17.0573
2024-02-14,USD,GBP,0.7894
2024-02-14,USD,SGD,1.3437
2024-02-14,USD,AUD,0.6628
2024-02-14,USD,CNY,7.0956
2024-02-15,USD,JPY,142.61
2024-02-15,USD,EUR,0.9096
2024-02-15,USD,BRL,5.1357
2024-02-15,USD,INR,82.709
2024-02-15,USD,MXN,17.3758
2024-02-15,USD,GBP,0.796
2024-02-15,USD,SGD,1.3325
2024-02-15,USD,AUD,0.6502
2024-02-15,USD,CNY,7.1824
2024-02-16,USD,JPY,142.51
2024-02-16,USD,EUR,0.9113
2024-02-16,USD,BRL,5.3051
2024-02-16,USD,INR,82.7122
2024-02-16,USD,MXN,17.4777
2024-02-16,USD,GBP,0.7929
2024-02-16,USD,SGD,1.3644
2024-02-16,USD,AUD,0.6766
2024-02-16,USD,CNY,7.1065
2024-02-17,USD,JPY,142.87
2024-02-17,USD,EUR,0.9184
2024-02-17,USD,BRL,5.2865
2024-02-17,USD,INR,82.5002
2024-02-17,USD,MXN,17.4059
2024-02-17,USD,GBP,0.7979
2024-02-17,USD,SGD,1.3263
2024-02-17,USD,AUD,0.6531
2024-02-17,USD,CNY,7.0174
2024-02-18,USD,JPY,142.29
2024-02-18,USD,EUR,0.9188
2024-02-18,USD,BRL,5.2992
2024-02-18,USD,INR,82.7121
2024-02-18,USD,MXN,17.5495
2024-02-18,USD,GBP,0.7857
2024-02-18,USD,SGD,1.3269
2024-02-18,USD,AUD,0.6622
2024-02-18,USD,CNY,7.1389
2024-02-19,USD,JPY,142.44
2024-02-19,USD,EUR,0.905
2024-02-19,USD,BRL,5.1391
2024-02-19,USD,INR,82.4405
2024-02-19,USD,MXN,17.4078
2024-02-19,USD,GBP,0.7945
2024-02-19,USD,SGD,1.3346
2024-02-19,USD,AUD,0.6586
2024-02-19,USD,CNY,7.0672
2024-02-20,USD,JPY,142.47
2024-02-20,USD,EUR,0.9203
2024-02-20,USD,BRL,5.048
2024-02-20,USD,INR,82.8063
2024-02-20,USD,MXN,17.2301
2024-02-20,USD,GBP,0.7888
2024-02-20,USD,SGD,1.343
2024-02-20,USD,AUD,0.6545
2024-02-20,USD,CNY,7.0929
2024-02-21,USD,JPY,141.94
2024-02-21,USD,EUR,0.9254
2024-02-21,USD,BRL,5.1484
2024-02-21,USD,INR,82.5696
2024-02-21,USD,MXN,17.3439
2024-02-21,USD,GBP,0.7922
2024-02-21,USD,SGD,1.342
2024-02-21,USD,AUD,0.6677
2024-02-21,USD,CNY,7.1588
2024-02-22,USD,JPY,142.31
2024-02-22,USD,EUR,0.9128
2024-02-22,USD,BRL,5.1153
2024-02-22,USD,INR,82.2533
2024-02-22,USD,MXN,17.0867
2024-02-22,USD,GBP,0.7997
2024-02-22,USD,SGD,1.3607
2024-02-22,USD,AUD,0.6609
2024-02-22,USD,CNY,7.1502
2024-02-23,USD,JPY,142.78
2024-02-23,USD,EUR,0.9312
2024-02-23,USD,BRL,5.2523
2024-02-23,USD,INR,82.6922
2024-02-23,USD,MXN,17.1728
2024-02-23,USD,GBP,0.7849
2024-02-23,USD,SGD,1.3464
2024-02-23,USD,AUD,0.6569
2024-02-23,USD,CNY,7.0507
2024-02-24,USD,JPY,142.34
2024-02-24,USD,EUR,0.9105
2024-02-24,USD,BRL,5.3063
2024-02-24,USD,INR,82.8982
2024-02-24,USD,MXN,17.3172
2024-02-24,USD,GBP,0.8004
2024-02-24,USD,SGD,1.3452
2024-02-24,USD,AUD,0.6561
2024-02-24,USD,CNY,7.1983
2024-02-25,USD,JPY,142.97
2024-02-25,USD,EUR,0.9108
2024-02-25,USD,BRL,5.1155
2024-02-25,USD,INR,82.5509
2024-02-25,USD,MXN,17.1131
2024-02-25,USD,GBP,0.7976
2024-02-25,USD,SGD,1.3636
2024-02-25,USD,AUD,0.6518
2024-02-25,USD,CNY,7.1508
2024-02-26,USD,JPY,142.41
2024-02-26,USD,EUR,0.9137
2024-02-26,USD,BRL,5.0718
2024-02-26,USD,INR,82.5573
2024-02-26,USD,MXN,17.33
2024-02-26,USD,GBP,0.7889
2024-02-26,USD,SGD,1.3473
2024-02-26,USD,AUD,0.6627
2024-02-26,USD,CNY,7.1111
2024-02-27,USD,JPY,142.33
2024-02-27,USD,EUR,0.9134
2024-02-27,USD,BRL,5.2028
2024-02-27,USD,INR,82.8344
2024-02-27,USD,MXN,17.1783
2024-02-27,USD,GBP,0.7936
2024-02-27,USD,SGD,1.3522
2024-02-27,USD,AUD,0.6498
2024-02-27,USD,CNY,7.1506
2024-02-28,USD,JPY,142.49
2024-02-28,USD,EUR,0.9192
2024-02-28,USD,BRL,5.0469
2024-02-28,USD,INR,82.3774
2024-02-28,USD,MXN,17.083
2024-02-28,USD,GBP,0.7934
2024-02-28,USD,SGD,1.3474
2024-02-28,USD,AUD,0.6559
2024-02-28,USD,CNY,7.1558
2024-02-29,USD,JPY,142.03
2024-02-29,USD,EUR,0.9161
2024-02-29,USD,BRL,4.9977
2024-02-29,USD,INR,82.6121
2024-02-29,USD,MXN,17.3364
2024-02-29,USD,GBP,0.7889
2024-02-29,USD,SGD,1.341
2024-02-29,USD,AUD,0.6713
2024-02-29,USD,CNY,7.0954
2024-03-01,USD,JPY,143.32
2024-03-01,USD,EUR,0.9109
2024-03-01,USD,BRL,5.167
2024-03-01,USD,INR,83.0349
2024-03-01,USD,MXN,16.9608
2024-03-01,USD,GBP,0.7893
2024-03-01,USD,SGD,1.3507
2024-03-01,USD,AUD,0.6617
2024-03-01,USD,CNY,7.1432
2024-03-02,USD,JPY,142.64
2024-03-02,USD,EUR,0.9171
2024-03-02,USD,BRL,5.0934
2024-03-02,USD,INR,82.9842
2024-03-02,USD,MXN,17.3719
2024-03-02,USD,GBP,0.795
2024-03-02,USD,SGD,1.3409
2024-03-02,USD,AUD,0.6594
2024-03-02,USD,CNY,7.1034
2024-03-03,USD,JPY,143.18
2024-03-03,USD,EUR,0.9147
2024-03-03,USD,BRL,5.1326
2024-03-03,USD,INR,83.1699
2024-03-03,USD,MXN,17.4666
2024-03-03,USD,GBP,0.7918
2024-03-03,USD,SGD,1.3571
2024-03-03,USD,AUD,0.6601
2024-03-03,USD,CNY,7.0236
2024-03-04,USD,JPY,142.52
2024-03-04,USD,EUR,0.9076
2024-03-04,USD,BRL,5.0628
2024-03-04,USD,INR,82.7626
2024-03-04,USD,MXN,17.5895
2024-03-04,USD,GBP,0.7951
2024-03-04,USD,SGD,1.343
2024-03-04,USD,AUD,0.6701
2024-03-04,USD,CNY,7.0153
2024-03-05,USD,JPY,143.18
2024-03-05,USD,EUR,0.9209
2024-03-05,USD,BRL,4.9441
2024-03-05,USD,INR,82.9918
2024-03-05,USD,MXN,17.391
2024-03-05,USD,GBP,0.7914
2024-03-05,USD,SGD,1.3516
2024-03-05,USD,AUD,0.6817
2024-03-05,USD,CNY,7.1354
2024-03-06,USD,JPY,143.22
2024-03-06,USD,EUR,0.9148
2024-03-06,USD,BRL,5.0007
2024-03-06,USD,INR,82.9332
2024-03-06,USD,MXN,17.2141
2024-03-06,USD,GBP,0.7939
2024-03-06,USD,SGD,1.3406
2024-03-06,USD,AUD,0.6674
2024-03-06,USD,CNY,7.1434
2024-03-07,USD,JPY,143.66
2024-03-07,USD,EUR,0.9147
2024-03-07,USD,BRL,5.0522
2024-03-07,USD,INR,82.5755
2024-03-07,USD,MXN,17.278
2024-03-07,USD,GBP,0.7955
2024-03-07,USD,SGD,1.353
2024-03-07,USD,AUD,0.6562
2024-03-07,USD,CNY,7.1706
2024-03-08,USD,JPY,143.86
2024-03-08,USD,EUR,0.9194
2024-03-08,USD,BRL,5.26
2024-03-08,USD,INR,82.6206
2024-03-08,USD,MXN,17.1602
2024-03-08,USD,GBP,0.7848
2024-03-08,USD,SGD,1.3605
2024-03-08,USD,AUD,0.6689
2024-03-08,USD,CNY,7.1248
2024-03-09,USD,JPY,143.36
2024-03-09,USD,EUR,0.9118
2024-03-09,USD,BRL,5.3099
2024-03-09,USD,INR,82.8053
2024-03-09,USD,MXN,17.3655
2024-03-09,USD,GBP,0.7974
2024-03-09,USD,SGD,1.3504
2024-03-09,USD,AUD,0.6655
2024-03-09,USD,CNY,7.0884
2024-03-10,USD,JPY,143.5
2024-03-10,USD,EUR,0.927
2024-03-10,USD,BRL,5.1925
2024-03-10,USD,INR,83.1022
2024-03-10,USD,MXN,17.2746
2024-03-10,USD,GBP,0.7888
2024-03-10,USD,SGD,1.3444
2024-03-10,USD,AUD,0.6642
2024-03-10,USD,CNY,7.1831
2024-03-11,USD,JPY,142.45
2024-03-11,USD,EUR,0.9253
2024-03-11,USD,BRL,5.0346
2024-03-11,USD,INR,82.7023
2024-03-11,USD,MXN,17.2016
2024-03-11,USD,GBP,0.7856
2024-03-11,USD,SGD,1.354
2024-03-11,USD,AUD,0.6644
2024-03-11,USD,CNY,7.0643
2024-03-12,USD,JPY,142.69
2024-03-12,USD,EUR,0.9161
2024-03-12,USD,BRL,5.2095
2024-03-12,USD,INR,82.7399
2024-03-12,USD,MXN,17.1301
2024-03-12,USD,GBP,0.7927
2024-03-12,USD,SGD,1.3431
2024-03-12,USD,AUD,0.6423
2024-03-12,USD,CNY,7.1265
2024-03-13,USD,JPY,143.26
2024-03-13,USD,EUR,0.9214
2024-03-13,USD,BRL,5.2195
2024-03-13,USD,INR,83.0212
2024-03-13,USD,MXN,17.3175
2024-03-13,USD,GBP,0.7884
2024-03-13,USD,SGD,1.3717
2024-03-13,USD,AUD,0.6644
2024-03-13,USD,CNY,7.1303
2024-03-14,USD,JPY,143.41
2024-03-14,USD,EUR,0.919
2024-03-14,USD,BRL,5.0119
2024-03-14,USD,INR,82.6853
2024-03-14,USD,MXN,17.278
2024-03-14,USD,GBP,0.7938
2024-03-14,USD,SGD,1.3406
2024-03-14,USD,AUD,0.6583
2024-03-14,USD,CNY,7.1353
2024-03-15,USD,JPY,143.33
2024-03-15,USD,EUR,0.9256
2024-03-15,USD,BRL,4.7528
2024-03-15,USD,INR,83.0224
2024-03-15,USD,MXN,17.5491
2024-03-15,USD,GBP,0.7837
2024-03-15,USD,SGD,1.3427
2024-03-15,USD,AUD,0.6611
2024-03-15,USD,CNY,7.06
2024-03-16,USD,JPY,143.11
2024-03-16,USD,EUR,0.9127
2024-03-16,USD,BRL,5.1844
2024-03-16,USD,INR,82.9954
2024-03-16,USD,MXN,17.5551
2024-03-16,USD,GBP,0.7977
2024-03-16,USD,SGD,1.3349
2024-03-16,USD,AUD,0.6599
2024-03-16,USD,CNY,7.1553
2024-03-17,USD,JPY,142.93
2024-03-17,USD,EUR,0.9219
2024-03-17,USD,BRL,4.9763
2024-03-17,USD,INR,82.7374
2024-03-17,USD,MXN,17.4732
2024-03-17,USD,GBP,0.7964
2024-03-17,USD,SGD,1.3426
2024-03-17,USD,AUD,0.6734
2024-03-17,USD,CNY,7.0772
2024-03-18,USD,JPY,143.89
2024-03-18,USD,EUR,0.9214
2024-03-18,USD,BRL,4.9604
2024-03-18,USD,INR,82.8817
2024-03-18,USD,MXN,17.1811
2024-03-18,USD,GBP,0.7988
2024-03-18,USD,SGD,1.3445
2024-03-18,USD,AUD,0.66
2024-03-18,USD,CNY,7.1841
2024-03-19,USD,JPY,143.27
2024-03-19,USD,EUR,0.9115
2024-03-19,USD,BRL,4.8265
2024-03-19,USD,INR,82.9417
2024-03-19,USD,MXN,17.1789
2024-03-19,USD,GBP,0.803
2024-03-19,USD,SGD,1.3256
2024-03-19,USD,AUD,0.6778
2024-03-19,USD,CNY,7.1426
2024-03-20,USD,JPY,143.61
2024-03-20,USD,EUR,0.9159
2024-03-20,USD,BRL,5.0127
2024-03-20,USD,INR,82.8171
2024-03-20,USD,MXN,17.5386
2024-03-20,USD,GBP,0.7949
2024-03-20,USD,SGD,1.348
2024-03-20,USD,AUD,0.6614
2024-03-20,USD,CNY,7.1296
2024-03-21,USD,JPY,143.85
2024-03-21,USD,EUR,0.9102
2024-03-21,USD,BRL,4.8285
2024-03-21,USD,INR,82.9774
2024-03-21,USD,MXN,17.401
2024-03-21,USD,GBP,0.7935
2024-03-21,USD,SGD,1.3468
2024-03-21,USD,AUD,0.6672
2024-03-21,USD,CNY,7.1059
2024-03-22,USD,JPY,143.35
2024-03-22,USD,EUR,0.9199
2024-03-22,USD,BRL,4.8558
2024-03-22,USD,INR,82.9145
2024-03-22,USD,MXN,17.1221
2024-03-22,USD,GBP,0.7996
2024-03-22,USD,SGD,1.3514
2024-03-22,USD,AUD,0.6665
2024-03-22,USD,CNY,7.1824
2024-03-23,USD,JPY,144.61
2024-03-23,USD,EUR,0.9241
2024-03-23,USD,BRL,4.7598
2024-03-23,USD,INR,82.5811
2024-03-23,USD,MXN,17.286
2024-03-23,USD,GBP,0.7946
2024-03-23,USD,SGD,1.3519
2024-03-23,USD,AUD,0.6587
2024-03-23,USD,CNY,7.143
2024-03-24,USD,JPY,143.44
2024-03-24,USD,EUR,0.916
2024-03-24,USD,BRL,4.7934
2024-03-24,USD,INR,82.6564
2024-03-24,USD,MXN,17.1792
2024-03-24,USD,GBP,0.7897
2024-03-24,USD,SGD,1.3574
2024-03-24,USD,AUD,0.657
2024-03-24,USD,CNY,7.2657
2024-03-25,USD,JPY,144.11
2024-03-25,USD,EUR,0.9201
2024-03-25,USD,BRL,4.8383
2024-03-25,USD,INR,82.9853
2024-03-25,USD,MXN,17.2978
2024-03-25,USD,GBP,0.7952
2024-03-25,USD,SGD,1.3725
2024-03-25,USD,AUD,0.6638
2024-03-25,USD,CNY,7.192
2024-03-26,USD,JPY,143.55
2024-03-26,USD,EUR,0.9191
2024-03-26,USD,BRL,5.0911
2024-03-26,USD,INR,82.7239
2024-03-26,USD,MXN,17.6582
2024-03-26,USD,GBP,0.7982
2024-03-26,USD,SGD,1.3414
2024-03-26,USD,AUD,0.6697
2024-03-26,USD,CNY,7.1836
2024-03-27,USD,JPY,144.25
2024-03-27,USD,EUR,0.9116
2024-03-27,USD,BRL,4.8312
2024-03-27,USD,INR,82.8039
2024-03-27,USD,MXN,17.3773
2024-03-27,USD,GBP,0.7978
2024-03-27,USD,SGD,1.3488
2024-03-27,USD,AUD,0.654
2024-03-27,USD,CNY,7.1544
2024-03-28,USD,JPY,144.29
2024-03-28,USD,EUR,0.9223
2024-03-28,USD,BRL,5.0018
2024-03-28,USD,INR,83.0243
2024-03-28,USD,MXN,17.4596
2024-03-28,USD,GBP,0.7944
2024-03-28,USD,SGD,1.3305
2024-03-28,USD,AUD,0.6682
2024-03-28,USD,CNY,7.1461
2024-03-29,USD,JPY,144.16
2024-03-29,USD,EUR,0.9133
2024-03-29,USD,BRL,4.7754
2024-03-29,USD,INR,83.0723
2024-03-29,USD,MXN,17.3869
2024-03-29,USD,GBP,0.7982
2024-03-29,USD,SGD,1.3475
2024-03-29,USD,AUD,0.6651
2024-03-29,USD,CNY,7.1831
2024-03-30,USD,JPY,143.8
2024-03-30,USD,EUR,0.9202
2024-03-30,USD,BRL,4.827
2024-03-30,USD,INR,82.7789
2024-03-30,USD,MXN,17.3487
2024-03-30,USD,GBP,0.796
2024-03-30,USD,SGD,1.3425
2024-03-30,USD,AUD,0.6749
2024-03-30,USD,CNY,7.0918
2024-03-31,USD,JPY,144.01
2024-03-31,USD,EUR,0.9177
2024-03-31,USD,BRL,5.0076
2024-03-31,USD,INR,82.9092
2024-03-31,USD,MXN,17.552
2024-03-31,USD,GBP,0.7875
2024-03-31,USD,SGD,1.3501
2024-03-31,USD,AUD,0.672
2024-03-31,USD,CNY,7.1411
2024-04-01,USD,JPY,144.67
2024-04-01,USD,EUR,0.9174
2024-04-01,USD,BRL,4.9935
2024-04-01,USD,INR,83.3338
2024-04-01,USD,MXN,17.345
2024-04-01,USD,GBP,0.7928
2024-04-01,USD,SGD,1.362
2024-04-01,USD,AUD,0.6776
2024-04-01,USD,CNY,7.1113
2024-04-02,USD,JPY,143.97
2024-04-02,USD,EUR,0.9187
2024-04-02,USD,BRL,4.7078
2024-04-02,USD,INR,82.6944
2024-04-02,USD,MXN,17.251
2024-04-02,USD,GBP,0.7912
2024-04-02,USD,SGD,1.3472
2024-04-02,USD,AUD,0.6669
2024-04-02,USD,CNY,7.2153
2024-04-03,USD,JPY,143.72
2024-04-03,USD,EUR,0.9251
2024-04-03,USD,BRL,4.8105
2024-04-03,USD,INR,82.8723
2024-04-03,USD,MXN,17.5051
2024-04-03,USD,GBP,0.7895
2024-04-03,USD,SGD,1.3515
2024-04-03,USD,AUD,0.6664
2024-04-03,USD,CNY,7.1628
2024-04-04,USD,JPY,144.4
2024-04-04,USD,EUR,0.9326
2024-04-04,USD,BRL,4.7579
2024-04-04,USD,INR,82.7801
2024-04-04,USD,MXN,17.3126
2024-04-04,USD,GBP,0.7924
2024-04-04,USD,SGD,1.3414
2024-04-04,USD,AUD,0.6747
2024-04-04,USD,CNY,7.2097
2024-04-05,USD,JPY,144.01
2024-04-05,USD,EUR,0.9162
2024-04-05,USD,BRL,4.8585
2024-04-05,USD,INR,82.78
2024-04-05,USD,MXN,17.5032
2024-04-05,USD,GBP,0.7962
2024-04-05,USD,SGD,1.3327
2024-04-05,USD,AUD,0.6776
2024-04-05,USD,CNY,7.2288
2024-04-06,USD,JPY,144.03
2024-04-06,USD,EUR,0.9186
2024-04-06,USD,BRL,4.8297
2024-04-06,USD,INR,82.9614
2024-04-06,USD,MXN,17.5092
2024-04-06,USD,GBP,0.8053
2024-04-06,USD,SGD,1.3461
2024-04-06,USD,AUD,0.6589
2024-04-06,USD,CNY,7.0705
2024-04-07,USD,JPY,144.01
2024-04-07,USD,EUR,0.9205
2024-04-07,USD,BRL,4.9705
2024-04-07,USD,INR,82.7951
2024-04-07,USD,MXN,17.4462
2024-04-07,USD,GBP,0.7952
2024-04-07,USD,SGD,1.3599
2024-04-07,USD,AUD,0.6855
2024-04-07,USD,CNY,7.1133
2024-04-08,USD,JPY,144.18
2024-04-08,USD,EUR,0.926
2024-04-08,USD,BRL,4.8491
2024-04-08,USD,INR,83.2721
2024-04-08,USD,MXN,17.5024
2024-04-08,USD,GBP,0.7936
2024-04-08,USD,SGD,1.354
2024-04-08,USD,AUD,0.6742
2024-04-08,USD,CNY,7.1813
2024-04-09,USD,JPY,144.71
2024-04-09,USD,EUR,0.9262
2024-04-09,USD,BRL,4.8878
2024-04-09,USD,INR,83.1833
2024-04-09,USD,MXN,17.5143
2024-04-09,USD,GBP,0.7946
2024-04-09,USD,SGD,1.3496
2024-04-09,USD,AUD,0.6751
2024-04-09,USD,CNY,7.0998
2024-04-10,USD,JPY,144.68
2024-04-10,USD,EUR,0.919
2024-04-10,USD,BRL,4.7639
2024-04-10,USD,INR,83.1666
2024-04-10,USD,MXN,17.4478
2024-04-10,USD,GBP,0.7957
2024-04-10,USD,SGD,1.3346
2024-04-10,USD,AUD,0.6714
2024-04-10,USD,CNY,7.1734
2024-04-11,USD,JPY,145.62
2024-04-11,USD,EUR,0.9195
2024-04-11,USD,BRL,4.7731
2024-04-11,USD,INR,82.9649
2024-04-11,USD,MXN,17.658
2024-04-11,USD,GBP,0.7951
2024-04-11,USD,SGD,1.3511
2024-04-11,USD,AUD,0.6704
2024-04-11,USD,CNY,7.1508
2024-04-12,USD,JPY,144.36
2024-04-12,USD,EUR,0.9221
2024-04-12,USD,BRL,4.8488
2024-04-12,USD,INR,82.7139
2024-04-12,USD,MXN,17.4435
2024-04-12,USD,GBP,0.7921
2024-04-12,USD,SGD,1.3603
2024-04-12,USD,AUD,0.6534
2024-04-12,USD,CNY,7.114
2024-04-13,USD,JPY,144.81
2024-04-13,USD,EUR,0.9291
2024-04-13,USD,BRL,4.7253
2024-04-13,USD,INR,82.8122
2024-04-13,USD,MXN,17.7079
2024-04-13,USD,GBP,0.7884
2024-04-13,USD,SGD,1.3265
2024-04-13,USD,AUD,0.6692
2024-04-13,USD,CNY,7.1172
2024-04-14,USD,JPY,144.15
2024-04-14,USD,EUR,0.9249
2024-04-14,USD,BRL,4.7469
2024-04-14,USD,INR,82.8146
2024-04-14,USD,MXN,17.2359
2024-04-14,USD,GBP,0.8001
2024-04-14,USD,SGD,1.355
2024-04-14,USD,AUD,0.6649
2024-04-14,USD,CNY,7.2351
2024-04-15,USD,JPY,144.16
2024-04-15,USD,EUR,0.9139
2024-04-15,USD,BRL,4.644
2024-04-15,USD,INR,82.9224
2024-04-15,USD,MXN,17.4666
2024-04-15,USD,GBP,0.7945
2024-04-15,USD,SGD,1.3522
2024-04-15,USD,AUD,0.6557
2024-04-15,USD,CNY,7.2153
2024-04-16,USD,JPY,144.7
2024-04-16,USD,EUR,0.9272
2024-04-16,USD,BRL,4.7384
2024-04-16,USD,INR,83.027
2024-04-16,USD,MXN,17.5178
2024-04-16,USD,GBP,0.798
2024-04-16,USD,SGD,1.3551
2024-04-16,USD,AUD,0.6764
2024-04-16,USD,CNY,7.1534
2024-04-17,USD,JPY,145.13
2024-04-17,USD,EUR,0.9213
2024-04-17,USD,BRL,4.8392
2024-04-17,USD,INR,82.8044
2024-04-17,USD,MXN,17.7047
2024-04-17,USD,GBP,0.7957
2024-04-17,USD,SGD,1.3345
2024-04-17,USD,AUD,0.6669
2024-04-17,USD,CNY,7.1099
2024-04-18,USD,JPY,145.24
2024-04-18,USD,EUR,0.9186
2024-04-18,USD,BRL,4.6418
2024-04-18,USD,INR,82.5659
2024-04-18,USD,MXN,17.3689
2024-04-18,USD,GBP,0.7838
2024-04-18,USD,SGD,1.333
2024-04-18,USD,AUD,0.672
2024-04-18,USD,CNY,7.1837
2024-04-19,USD,JPY,145.07
2024-04-19,USD,EUR,0.9171
2024-04-19,USD,BRL,4.6731
2024-04-19,USD,INR,82.9472
2024-04-19,USD,MXN,17.2651
2024-04-19,USD,GBP,0.8035
2024-04-19,USD,SGD,1.3577
2024-04-19,USD,AUD,0.6642
2024-04-19,USD,CNY,7.1461
2024-04-20,USD,JPY,145.0
2024-04-20,USD,EUR,0.9118
2024-04-20,USD,BRL,4.6448
2024-04-20,USD,INR,82.8157
2024-04-20,USD,MXN,17.2909
2024-04-20,USD,GBP,0.7946
2024-04-20,USD,SGD,1.367
2024-04-20,USD,AUD,0.6712
2024-04-20,USD,CNY,7.1166
2024-04-21,USD,JPY,145.23
2024-04-21,USD,EUR,0.9292
2024-04-21,USD,BRL,4.7538
2024-04-21,USD,INR,82.9681
2024-04-21,USD,MXN,17.3462
2024-04-21,USD,GBP,0.7996
2024-04-21,USD,SGD,1.3531
2024-04-21,USD,AUD,0.6732
2024-04-21,USD,CNY,7.1774
2024-04-22,USD,JPY,145.5
2024-04-22,USD,EUR,0.9196
2024-04-22,USD,BRL,4.7852
2024-04-22,USD,INR,82.9998
2024-04-22,USD,MXN,17.7568
2024-04-22,USD,GBP,0.7927
2024-04-22,USD,SGD,1.3666
2024-04-22,USD,AUD,0.6677
2024-04-22,USD,CNY,7.1135
2024-04-23,USD,JPY,144.78
2024-04-23,USD,EUR,0.9208
2024-04-23,USD,BRL,4.6882
2024-04-23,USD,INR,83.069
2024-04-23,USD,MXN,17.3616
2024-04-23,USD,GBP,0.7961
2024-04-23,USD,SGD,1.3707
2024-04-23,USD,AUD,0.68
2024-04-23,USD,CNY,7.1683
2024-04-24,USD,JPY,145.08
2024-04-24,USD,EUR,0.9231
2024-04-24,USD,BRL,4.6997
2024-04-24,USD,INR,82.7639
2024-04-24,USD,MXN,17.4113
2024-04-24,USD,GBP,0.7879
2024-04-24,USD,SGD,1.3534
2024-04-24,USD,AUD,0.6714
2024-04-24,USD,CNY,7.1227
2024-04-25,USD,JPY,145.89
2024-04-25,USD,EUR,0.9165
2024-04-25,USD,BRL,4.4847
2024-04-25,USD,INR,83.0175
2024-04-25,USD,MXN,17.6091
2024-04-25,USD,GBP,0.8047
2024-04-25,USD,SGD,1.3449
2024-04-25,USD,AUD,0.6749
2024-04-25,USD,CNY,7.1453
2024-04-26,USD,JPY,145.05
2024-04-26,USD,EUR,0.9271
2024-04-26,USD,BRL,4.6894
2024-04-26,USD,INR,82.6614
2024-04-26,USD,MXN,17.6757
2024-04-26,USD,GBP,0.8033
2024-04-26,USD,SGD,1.3433
2024-04-26,USD,AUD,0.6695
2024-04-26,USD,CNY,7.1724
2024-04-27,USD,JPY,145.31
2024-04-27,USD,EUR,0.9201
2024-04-27,USD,BRL,4.5504
2024-04-27,USD,INR,82.9757
2024-04-27,USD,MXN,17.6323
2024-04-27,USD,GBP,0.7991
2024-04-27,USD,SGD,1.3459
2024-04-27,USD,AUD,0.6726
2024-04-27,USD,CNY,7.0057
2024-04-28,USD,JPY,145.79
2024-04-28,USD,EUR,0.9142
2024-04-28,USD,BRL,4.5749
2024-04-28,USD,INR,82.761
2024-04-28,USD,MXN,17.2644
2024-04-28,USD,GBP,0.8023
2024-04-28,USD,SGD,1.345
2024-04-28,USD,AUD,0.6692
2024-04-28,USD,CNY,7.1461
2024-04-29,USD,JPY,145.5
2024-04-29,USD,EUR,0.9234
2024-04-29,USD,BRL,4.4767
2024-04-29,USD,INR,83.1883
2024-04-29,USD,MXN,17.3868
2024-04-29,USD,GBP,0.7887
2024-04-29,USD,SGD,1.3455
2024-04-29,USD,AUD,0.6785
2024-04-29,USD,CNY,7.1914
2024-04-30,USD,JPY,145.13
2024-04-30,USD,EUR,0.9214
2024-04-30,USD,BRL,4.5671
2024-04-30,USD,INR,83.4085
2024-04-30,USD,MXN,17.5203
2024-04-30,USD,GBP,0.7987
2024-04-30,USD,SGD,1.3602
2024-04-30,USD,AUD,0.6685
2024-04-30,USD,CNY,7.1364
2024-05-01,USD,JPY,145.24
2024-05-01,USD,EUR,0.9229
2024-05-01,USD,BRL,4.59
2024-05-01,USD,INR,83.1428
2024-05-01,USD,MXN,17.473
2024-05-01,USD,GBP,0.8003
2024-05-01,USD,SGD,1.3491
2024-05-01,USD,AUD,0.6673
2024-05-01,USD,CNY,7.0498
2024-05-02,USD,JPY,145.84
2024-05-02,USD,EUR,0.9251
2024-05-02,USD,BRL,4.6883
2024-05-02,USD,INR,82.4221
2024-05-02,USD,MXN,17.7807
2024-05-02,USD,GBP,0.796
2024-05-02,USD,SGD,1.3611
2024-05-02,USD,AUD,0.6584
2024-05-02,USD,CNY,7.1808
2024-05-03,USD,JPY,144.89
2024-05-03,USD,EUR,0.9204
2024-05-03,USD,BRL,4.775
2024-05-03,USD,INR,82.9673
2024-05-03,USD,MXN,17.5022
2024-05-03,USD,GBP,0.8011
2024-05-03,USD,SGD,1.3551
2024-05-03,USD,AUD,0.6679
2024-05-03,USD,CNY,7.1688
2024-05-04,USD,JPY,146.66
2024-05-04,USD,EUR,0.9233
2024-05-04,USD,BRL,4.5991
2024-05-04,USD,INR,83.2197
2024-05-04,USD,MXN,17.6376
2024-05-04,USD,GBP,0.8027
2024-05-04,USD,SGD,1.3566
2024-05-04,USD,AUD,0.6577
2024-05-04,USD,CNY,7.2326
2024-05-05,USD,JPY,144.93
2024-05-05,USD,EUR,0.9252
2024-05-05,USD,BRL,4.4993
2024-05-05,USD,INR,83.0009
2024-05-05,USD,MXN,17.5233
2024-05-05,USD,GBP,0.7985
2024-05-05,USD,SGD,1.3545
2024-05-05,USD,AUD,0.6798
2024-05-05,USD,CNY,7.174
2024-05-06,USD,JPY,145.42
2024-05-06,USD,EUR,0.9286
2024-05-06,USD,BRL,4.6897
2024-05-06,USD,INR,82.7723
2024-05-06,USD,MXN,17.5658
2024-05-06,USD,GBP,0.8004
2024-05-06,USD,SGD,1.3474
2024-05-06,USD,AUD,0.6779
2024-05-06,USD,CNY,7.1443
2024-05-07,USD,JPY,145.64
2024-05-07,USD,EUR,0.9231
2024-05-07,USD,BRL,4.5687
2024-05-07,USD,INR,82.8027
2024-05-07,USD,MXN,17.2623
2024-05-07,USD,GBP,0.8049
2024-05-07,USD,SGD,1.342
2024-05-07,USD,AUD,0.659
2024-05-07,USD,CNY,7.0445
2024-05-08,USD,JPY,145.3
2024-05-08,USD,EUR,0.9174
2024-05-08,USD,BRL,4.7281
2024-05-08,USD,INR,83.228
2024-05-08,USD,MXN,17.3773
2024-05-08,USD,GBP,0.8083
2024-05-08,USD,SGD,1.3603
2024-05-08,USD,AUD,0.6644
2024-05-08,USD,CNY,7.0276
2024-05-09,USD,JPY,146.81
2024-05-09,USD,EUR,0.9172
2024-05-09,USD,BRL,4.3964
2024-05-09,USD,INR,83.2347
2024-05-09,USD,MXN,17.8487
2024-05-09,USD,GBP,0.804
2024-05-09,USD,SGD,1.3562
2024-05-09,USD,AUD,0.6718
2024-05-09,USD,CNY,7.1957
2024-05-10,USD,JPY,146.08
2024-05-10,USD,EUR,0.9257
2024-05-10,USD,BRL,4.5688
2024-05-10,USD,INR,83.0217
2024-05-10,USD,MXN,17.3718
2024-05-10,USD,GBP,0.7957
2024-05-10,USD,SGD,1.3338
2024-05-10,USD,AUD,0.6663
2024-05-10,USD,CNY,7.104
2024-05-11,USD,JPY,145.19
2024-05-11,USD,EUR,0.9253
2024-05-11,USD,BRL,4.6953
2024-05-11,USD,INR,83.222
2024-05-11,USD,MXN,17.2515
2024-05-11,USD,GBP,0.7922
2024-05-11,USD,SGD,1.3602
2024-05-11,USD,AUD,0.6593
2024-05-11,USD,CNY,7.1426
2024-05-12,USD,JPY,146.06
2024-05-12,USD,EUR,0.9196
2024-05-12,USD,BRL,4.5648
2024-05-12,USD,INR,82.7757
2024-05-12,USD,MXN,17.3991
2024-05-12,USD,GBP,0.7988
2024-05-12,USD,SGD,1.3349
2024-05-12,USD,AUD,0.6708
2024-05-12,USD,CNY,7.1533
2024-05-13,USD,JPY,146.1
2024-05-13,USD,EUR,0.9257
2024-05-13,USD,BRL,4.6891
2024-05-13,USD,INR,83.0716
2024-05-13,USD,MXN,17.4271
2024-05-13,USD,GBP,0.7979
2024-05-13,USD,SGD,1.3564
2024-05-13,USD,AUD,0.6677
2024-05-13,USD,CNY,7.1567
2024-05-14,USD,JPY,145.51
2024-05-14,USD,EUR,0.9214
2024-05-14,USD,BRL,4.4112
2024-05-14,USD,INR,83.4006
2024-05-14,USD,MXN,17.3071
2024-05-14,USD,GBP,0.7939
2024-05-14,USD,SGD,1.3438
2024-05-14,USD,AUD,0.6745
2024-05-14,USD,CNY,7.1403
2024-05-15,USD,JPY,146.52
2024-05-15,USD,EUR,0.9214
2024-05-15,USD,BRL,4.5785
2024-05-15,USD,INR,82.8877
2024-05-15,USD,MXN,17.8177
2024-05-15,USD,GBP,0.7915
2024-05-15,USD,SGD,1.3542
2024-05-15,USD,AUD,0.6725
2024-05-15,USD,CNY,7.1762
2024-05-16,USD,JPY,145.85
2024-05-16,USD,EUR,0.9243
2024-05-16,USD,BRL,4.5545
2024-05-16,USD,INR,83.0295
2024-05-16,USD,MXN,17.6427
2024-05-16,USD,GBP,0.8085
2024-05-16,USD,SGD,1.3456
2024-05-16,USD,AUD,0.6565
2024-05-16,USD,CNY,7.1515
2024-05-17,USD,JPY,147.27
2024-05-17,USD,EUR,0.921
2024-05-17,USD,BRL,4.7139
2024-05-17,USD,INR,83.3986
2024-05-17,USD,MXN,17.4172
2024-05-17,USD,GBP,0.8004
2024-05-17,USD,SGD,1.3675
2024-05-17,USD,AUD,0.6645
2024-05-17,USD,CNY,7.1461
2024-05-18,USD,JPY,145.73
2024-05-18,USD,EUR,0.92
2024-05-18,USD,BRL,4.4853
2024-05-18,USD,INR,82.8223
2024-05-18,USD,MXN,17.5076
2024-05-18,USD,GBP,0.7937
2024-05-18,USD,SGD,1.3537
2024-05-18,USD,AUD,0.6551
2024-05-18,USD,CNY,7.1733
2024-05-19,USD,JPY,146.48
2024-05-19,USD,EUR,0.9153
2024-05-19,USD,BRL,4.5882
2024-05-19,USD,INR,83.3168
2024-05-19,USD,MXN,17.3232
2024-05-19,USD,GBP,0.806
2024-05-19,USD,SGD,1.3556
2024-05-19,USD,AUD,0.662
2024-05-19,USD,CNY,7.1543
2024-05-20,USD,JPY,146.38
2024-05-20,USD,EUR,0.9257
2024-05-20,USD,BRL,4.6056
2024-05-20,USD,INR,82.8912
2024-05-20,USD,MXN,17.5323
2024-05-20,USD,GBP,0.7906
2024-05-20,USD,SGD,1.3504
2024-05-20,USD,AUD,0.6604
2024-05-20,USD,CNY,7.1208
2024-05-21,USD,JPY,146.76
2024-05-21,USD,EUR,0.9309
2024-05-21,USD,BRL,4.6139
2024-05-21,USD,INR,82.861
2024-05-21,USD,MXN,17.4616
2024-05-21,USD,GBP,0.8038
2024-05-21,USD,SGD,1.353
2024-05-21,USD,AUD,0.6863
2024-05-21,USD,CNY,7.1776
2024-05-22,USD,JPY,146.28
2024-05-22,USD,EUR,0.924
2024-05-22,USD,BRL,4.568
2024-05-22,USD,INR,83.0531
2024-05-22,USD,MXN,17.6174
2024-05-22,USD,GBP,0.8026
2024-05-22,USD,SGD,1.3438
2024-05-22,USD,AUD,0.6571
2024-05-22,USD,CNY,7.0665
2024-05-23,USD,JPY,146.47
2024-05-23,USD,EUR,0.9202
2024-05-23,USD,BRL,4.3414
2024-05-23,USD,INR,83.1654
2024-05-23,USD,MXN,17.8874
2024-05-23,USD,GBP,0.7978
2024-05-23,USD,SGD,1.3601
2024-05-23,USD,AUD,0.6685
2024-05-23,USD,CNY,7.1538
2024-05-24,USD,JPY,146.72
2024-05-24,USD,EUR,0.9243
2024-05-24,USD,BRL,4.5857
2024-05-24,USD,INR,83.1561
2024-05-24,USD,MXN,17.4154
2024-05-24,USD,GBP,0.8029
2024-05-24,USD,SGD,1.3501
2024-05-24,USD,AUD,0.6618
2024-05-24,USD,CNY,7.186
2024-05-25,USD,JPY,145.85
2024-05-25,USD,EUR,0.926
2024-05-25,USD,BRL,4.5607
2024-05-25,USD,INR,83.3131
2024-05-25,USD,MXN,17.589
2024-05-25,USD,GBP,0.7978
2024-05-25,USD,SGD,1.3601
2024-05-25,USD,AUD,0.6791
2024-05-25,USD,CNY,7.1875
2024-05-26,USD,JPY,146.35
2024-05-26,USD,EUR,0.9194
2024-05-26,USD,BRL,4.4582
2024-05-26,USD,INR,83.039
2024-05-26,USD,MXN,17.4286
2024-05-26,USD,GBP,0.7971
2024-05-26,USD,SGD,1.3526
2024-05-26,USD,AUD,0.6722
2024-05-26,USD,CNY,7.1565
2024-05-27,USD,JPY,146.62
2024-05-27,USD,EUR,0.9264
2024-05-27,USD,BRL,4.3705
2024-05-27,USD,INR,82.9162
2024-05-27,USD,MXN,17.5006
2024-05-27,USD,GBP,0.792
2024-05-27,USD,SGD,1.3581
2024-05-27,USD,AUD,0.6803
2024-05-27,USD,CNY,7.2213
2024-05-28,USD,JPY,146.31
2024-05-28,USD,EUR,0.9337
2024-05-28,USD,BRL,4.5866
2024-05-28,USD,INR,83.0408
2024-05-28,USD,MXN,17.4324
2024-05-28,USD,GBP,0.7966
2024-05-28,USD,SGD,1.3483
2024-05-28,USD,AUD,0.6695
2024-05-28,USD,CNY,7.1689
2024-05-29,USD,JPY,146.46
2024-05-29,USD,EUR,0.9285
2024-05-29,USD,BRL,4.6948
2024-05-29,USD,INR,83.3022
2024-05-29,USD,MXN,17.3038
2024-05-29,USD,GBP,0.7854
2024-05-29,USD,SGD,1.3616
2024-05-29,USD,AUD,0.6572
2024-05-29,USD,CNY,7.15
2024-05-30,USD,JPY,145.91
2024-05-30,USD,EUR,0.9174
2024-05-30,USD,BRL,4.6343
2024-05-30,USD,INR,83.2683
2024-05-30,USD,MXN,17.4423
2024-05-30,USD,GBP,0.7853
2024-05-30,USD,SGD,1.3469
2024-05-30,USD,AUD,0.6714
2024-05-30,USD,CNY,7.0877
2024-05-31,USD,JPY,146.63
2024-05-31,USD,EUR,0.9265
2024-05-31,USD,BRL,4.6427
2024-05-31,USD,INR,83.1445
2024-05-31,USD,MXN,17.385
2024-05-31,USD,GBP,0.8043
2024-05-31,USD,SGD,1.3508
2024-05-31,USD,AUD,0.6681
2024-05-31,USD,CNY,7.1154
2024-06-01,USD,JPY,146.36
2024-06-01,USD,EUR,0.9222
2024-06-01,USD,BRL,4.5725
2024-06-01,USD,INR,83.467
2024-06-01,USD,MXN,17.3274
2024-06-01,USD,GBP,0.7903
2024-06-01,USD,SGD,1.3672
2024-06-01,USD,AUD,0.6667
2024-06-01,USD,CNY,7.129
2024-06-02,USD,JPY,147.14
2024-06-02,USD,EUR,0.9237
2024-06-02,USD,BRL,4.7777
2024-06-02,USD,INR,83.2644
2024-06-02,USD,MXN,17.4622
2024-06-02,USD,GBP,0.8092
2024-06-02,USD,SGD,1.3465
2024-06-02,USD,AUD,0.6743
2024-06-02,USD,CNY,7.1778
2024-06-03,USD,JPY,147.31
2024-06-03,USD,EUR,0.9347
2024-06-03,USD,BRL,4.6038
2024-06-03,USD,INR,82.9822
2024-06-03,USD,MXN,17.6065
2024-06-03,USD,GBP,0.795
2024-06-03,USD,SGD,1.3728
2024-06-03,USD,AUD,0.6695
2024-06-03,USD,CNY,7.145
2024-06-04,USD,JPY,146.79
2024-06-04,USD,EUR,0.9203
2024-06-04,USD,BRL,4.5094
2024-06-04,USD,INR,83.3771
2024-06-04,USD,MXN,17.4412
2024-06-04,USD,GBP,0.7933
2024-06-04,USD,SGD,1.3581
2024-06-04,USD,AUD,0.678
2024-06-04,USD,CNY,7.1996
2024-06-05,USD,JPY,147.24
2024-06-05,USD,EUR,0.9233
2024-06-05,USD,BRL,4.4705
2024-06-05,USD,INR,83.4414
2024-06-05,USD,MXN,17.4935
2024-06-05,USD,GBP,0.7973
2024-06-05,USD,SGD,1.3661
2024-06-05,USD,AUD,0.673
2024-06-05,USD,CNY,7.1869
2024-06-06,USD,JPY,147.86
2024-06-06,USD,EUR,0.924
2024-06-06,USD,BRL,4.712
2024-06-06,USD,INR,83.1566
2024-06-06,USD,MXN,17.5844
2024-06-06,USD,GBP,0.8062
2024-06-06,USD,SGD,1.358
2024-06-06,USD,AUD,0.6729
2024-06-06,USD,CNY,7.2181
2024-06-07,USD,JPY,146.64
2024-06-07,USD,EUR,0.9231
2024-06-07,USD,BRL,4.5214
2024-06-07,USD,INR,82.756
2024-06-07,USD,MXN,17.8547
2024-06-07,USD,GBP,0.7931
2024-06-07,USD,SGD,1.3508
2024-06-07,USD,AUD,0.6664
2024-06-07,USD,CNY,7.1803
2024-06-08,USD,JPY,147.27
2024-06-08,USD,EUR,0.9317
2024-06-08,USD,BRL,4.5746
2024-06-08,USD,INR,83.12
2024-06-08,USD,MXN,17.5909
2024-06-08,USD,GBP,0.7975
2024-06-08,USD,SGD,1.3691
2024-06-08,USD,AUD,0.6726
2024-06-08,USD,CNY,7.2021
2024-06-09,USD,JPY,147.23
2024-06-09,USD,EUR,0.9334
2024-06-09,USD,BRL,4.6583
2024-06-09,USD,INR,82.8982
2024-06-09,USD,MXN,17.6106
2024-06-09,USD,GBP,0.7955
2024-06-09,USD,SGD,1.3479
2024-06-09,USD,AUD,0.6735
2024-06-09,USD,CNY,7.2277
2024-06-10,USD,JPY,146.95
2024-06-10,USD,EUR,0.9292
2024-06-10,USD,BRL,4.8179
2024-06-10,USD,INR,83.2098
2024-06-10,USD,MXN,17.9431
2024-06-10,USD,GBP,0.8016
2024-06-10,USD,SGD,1.3356
2024-06-10,USD,AUD,0.6748
2024-06-10,USD,CNY,7.1852
2024-06-11,USD,JPY,147.62
2024-06-11,USD,EUR,0.9311
2024-06-11,USD,BRL,4.6416
2024-06-11,USD,INR,82.9209
2024-06-11,USD,MXN,17.5237
2024-06-11,USD,GBP,0.7946
2024-06-11,USD,SGD,1.3475
2024-06-11,USD,AUD,0.6736
2024-06-11,USD,CNY,7.2501
2024-06-12,USD,JPY,147.22
2024-06-12,USD,EUR,0.9219
2024-06-12,USD,BRL,4.7078
2024-06-12,USD,INR,83.4092
2024-06-12,USD,MXN,17.4658
2024-06-12,USD,GBP,0.7983
2024-06-12,USD,SGD,1.3535
2024-06-12,USD,AUD,0.6627
2024-06-12,USD,CNY,7.1994
2024-06-13,USD,JPY,147.0
2024-06-13,USD,EUR,0.9301
2024-06-13,USD,BRL,4.5828
2024-06-13,USD,INR,83.0865
2024-06-13,USD,MXN,17.6678
2024-06-13,USD,GBP,0.7971
2024-06-13,USD,SGD,1.3707
2024-06-13,USD,AUD,0.6658
2024-06-13,USD,CNY,7.1786
2024-06-14,USD,JPY,147.57
2024-06-14,USD,EUR,0.921
2024-06-14,USD,BRL,4.5039
2024-06-14,USD,INR,82.873
2024-06-14,USD,MXN,17.751
2024-06-14,USD,GBP,0.7963
2024-06-14,USD,SGD,1.3791
2024-06-14,USD,AUD,0.6645
2024-06-14,USD,CNY,7.177
2024-06-15,USD,JPY,147.91
2024-06-15,USD,EUR,0.9382
2024-06-15,USD,BRL,4.8947
2024-06-15,USD,INR,83.4239
2024-06-15,USD,MXN,17.7174
2024-06-15,USD,GBP,0.8021
2024-06-15,USD,SGD,1.3614
2024-06-15,USD,AUD,0.6647
2024-06-15,USD,CNY,7.1273
2024-06-16,USD,JPY,147.18
2024-06-16,USD,EUR,0.9275
2024-06-16,USD,BRL,4.6521
2024-06-16,USD,INR,83.3256
2024-06-16,USD,MXN,17.7093
2024-06-16,USD,GBP,0.7996
2024-06-16,USD,SGD,1.3685
2024-06-16,USD,AUD,0.66
2024-06-16,USD,CNY,7.1589
2024-06-17,USD,JPY,146.86
2024-06-17,USD,EUR,0.9191
2024-06-17,USD,BRL,4.6981
2024-06-17,USD,INR,83.1661
2024-06-17,USD,MXN,17.7952
2024-06-17,USD,GBP,0.8024
2024-06-17,USD,SGD,1.3436
2024-06-17,USD,AUD,0.684
2024-06-17,USD,CNY,7.2301
2024-06-18,USD,JPY,147.55
2024-06-18,USD,EUR,0.9274
2024-06-18,USD,BRL,4.6196
2024-06-18,USD,INR,83.1201
2024-06-18,USD,MXN,17.7337
2024-06-18,USD,GBP,0.8087
2024-06-18,USD,SGD,1.3693
2024-06-18,USD,AUD,0.6653
2024-06-18,USD,CNY,7.1135
2024-06-19,USD,JPY,147.37
2024-06-19,USD,EUR,0.9198
2024-06-19,USD,BRL,4.7572
2024-06-19,USD,INR,83.1691
2024-06-19,USD,MXN,17.5027
2024-06-19,USD,GBP,0.7913
2024-06-19,USD,SGD,1.3591
2024-06-19,USD,AUD,0.6651
2024-06-19,USD,CNY,7.1114
2024-06-20,USD,JPY,145.9
2024-06-20,USD,EUR,0.9286
2024-06-20,USD,BRL,4.9115
2024-06-20,USD,INR,83.535
2024-06-20,USD,MXN,17.5062
2024-06-20,USD,GBP,0.7964
2024-06-20,USD,SGD,1.3587
2024-06-20,USD,AUD,0.6614
2024-06-20,USD,CNY,7.1854
2024-06-21,USD,JPY,147.76
2024-06-21,USD,EUR,0.935
2024-06-21,USD,BRL,4.7339
2024-06-21,USD,INR,83.1661
2024-06-21,USD,MXN,17.4453
2024-06-21,USD,GBP,0.7953
2024-06-21,USD,SGD,1.3519
2024-06-21,USD,AUD,0.6724
2024-06-21,USD,CNY,7.2164
2024-06-22,USD,JPY,147.02
2024-06-22,USD,EUR,0.9364
2024-06-22,USD,BRL,4.7265
2024-06-22,USD,INR,83.2067
2024-06-22,USD,MXN,17.4671
2024-06-22,USD,GBP,0.7874
2024-06-22,USD,SGD,1.3631
2024-06-22,USD,AUD,0.6754
2024-06-22,USD,CNY,7.157
2024-06-23,USD,JPY,147.49
2024-06-23,USD,EUR,0.9316
2024-06-23,USD,BRL,4.6072
2024-06-23,USD,INR,83.1093
2024-06-23,USD,MXN,17.7005
2024-06-23,USD,GBP,0.7933
2024-06-23,USD,SGD,1.3572
2024-06-23,USD,AUD,0.6587
2024-06-23,USD,CNY,7.1948
2024-06-24,USD,JPY,147.48
2024-06-24,USD,EUR,0.9211
2024-06-24,USD,BRL,4.8899
2024-06-24,USD,INR,83.0723
2024-06-24,USD,MXN,17.462
2024-06-24,USD,GBP,0.8006
2024-06-24,USD,SGD,1.3659
2024-06-24,USD,AUD,0.6615
2024-06-24,USD,CNY,7.175
2024-06-25,USD,JPY,147.75
2024-06-25,USD,EUR,0.9328
2024-06-25,USD,BRL,4.8011
2024-06-25,USD,INR,83.1499
2024-06-25,USD,MXN,17.4616
2024-06-25,USD,GBP,0.8001
2024-06-25,USD,SGD,1.3437
2024-06-25,USD,AUD,0.6463
2024-06-25,USD,CNY,7.1942
2024-06-26,USD,JPY,148.03
2024-06-26,USD,EUR,0.9176
2024-06-26,USD,BRL,4.6926
2024-06-26,USD,INR,83.3512
2024-06-26,USD,MXN,17.8966
2024-06-26,USD,GBP,0.7998
2024-06-26,USD,SGD,1.3473
2024-06-26,USD,AUD,0.6682
2024-06-26,USD,CNY,7.2415
2024-06-27,USD,JPY,147.3
2024-06-27,USD,EUR,0.9255
2024-06-27,USD,BRL,4.7554
2024-06-27,USD,INR,83.0408
2024-06-27,USD,MXN,17.6085
2024-06-27,USD,GBP,0.8079
2024-06-27,USD,SGD,1.3579
2024-06-27,USD,AUD,0.6677
2024-06-27,USD,CNY,7.1586
2024-06-28,USD,JPY,146.88
2024-06-28,USD,EUR,0.934
2024-06-28,USD,BRL,4.8062
2024-06-28,USD,INR,83.1995
2024-06-28,USD,MXN,18.0713
2024-06-28,USD,GBP,0.8013
2024-06-28,USD,SGD,1.3472
2024-06-28,USD,AUD,0.6664
2024-06-28,USD,CNY,7.231
2024-06-29,USD,JPY,147.76
2024-06-29,USD,EUR,0.9225
2024-06-29,USD,BRL,4.9161
2024-06-29,USD,INR,83.1061
2024-06-29,USD,MXN,17.8755
2024-06-29,USD,GBP,0.8053
2024-06-29,USD,SGD,1.3503
2024-06-29,USD,AUD,0.6801
2024-06-29,USD,CNY,7.1774
2024-06-30,USD,JPY,148.17
2024-06-30,USD,EUR,0.9323
2024-06-30,USD,BRL,4.7499
2024-06-30,USD,INR,83.1151
2024-06-30,USD,MXN,17.7512
2024-06-30,USD,GBP,0.7982
2024-06-30,USD,SGD,1.3508
2024-06-30,USD,AUD,0.6623
2024-06-30,USD,CNY,7.1956
2024-07-01,USD,JPY,148.81
2024-07-01,USD,EUR,0.9246
2024-07-01,USD,BRL,4.8473
2024-07-01,USD,INR,83.5304
2024-07-01,USD,MXN,17.587
2024-07-01,USD,GBP,0.8022
2024-07-01,USD,SGD,1.3443
2024-07-01,USD,AUD,0.6734
2024-07-01,USD,CNY,7.1654
2024-07-02,USD,JPY,148.31
2024-07-02,USD,EUR,0.936
2024-07-02,USD,BRL,5.1141
2024-07-02,USD,INR,83.368
2024-07-02,USD,MXN,17.65
2024-07-02,USD,GBP,0.801
2024-07-02,USD,SGD,1.3515
2024-07-02,USD,AUD,0.6727
2024-07-02,USD,CNY,7.1604
2024-07-03,USD,JPY,147.94
2024-07-03,USD,EUR,0.9368
2024-07-03,USD,BRL,4.7648
2024-07-03,USD,INR,83.4841
2024-07-03,USD,MXN,17.8009
2024-07-03,USD,GBP,0.7995
2024-07-03,USD,SGD,1.3339
2024-07-03,USD,AUD,0.6652
2024-07-03,USD,CNY,7.2405
2024-07-04,USD,JPY,147.89
2024-07-04,USD,EUR,0.9253
2024-07-04,USD,BRL,4.8253
2024-07-04,USD,INR,83.4284
2024-07-04,USD,MXN,17.6875
2024-07-04,USD,GBP,0.7989
2024-07-04,USD,SGD,1.3515
2024-07-04,USD,AUD,0.667
2024-07-04,USD,CNY,7.1299
2024-07-05,USD,JPY,148.75
2024-07-05,USD,EUR,0.9288
2024-07-05,USD,BRL,5.0078
2024-07-05,USD,INR,83.5686
2024-07-05,USD,MXN,17.7574
2024-07-05,USD,GBP,0.798
2024-07-05,USD,SGD,1.3593
2024-07-05,USD,AUD,0.67
2024-07-05,USD,CNY,7.1313
2024-07-06,USD,JPY,148.14
2024-07-06,USD,EUR,0.9246
2024-07-06,USD,BRL,5.0151
2024-07-06,USD,INR,83.1756
2024-07-06,USD,MXN,17.64
2024-07-06,USD,GBP,0.8017
2024-07-06,USD,SGD,1.3528
2024-07-06,USD,AUD,0.6749
2024-07-06,USD,CNY,7.1531
2024-07-07,USD,JPY,148.46
2024-07-07,USD,EUR,0.9239
2024-07-07,USD,BRL,4.9191
2024-07-07,USD,INR,83.6604
2024-07-07,USD,MXN,17.462
2024-07-07,USD,GBP,0.7969
2024-07-07,USD,SGD,1.3606
2024-07-07,USD,AUD,0.6717
2024-07-07,USD,CNY,7.1948
2024-07-08,USD,JPY,148.3
2024-07-08,USD,EUR,0.9339
2024-07-08,USD,BRL,5.0275
2024-07-08,USD,INR,83.3587
2024-07-08,USD,MXN,17.5781
2024-07-08,USD,GBP,0.8037
2024-07-08,USD,SGD,1.3745
2024-07-08,USD,AUD,0.6693
2024-07-08,USD,CNY,7.1289
2024-07-09,USD,JPY,148.65
2024-07-09,USD,EUR,0.9302
2024-07-09,USD,BRL,4.7093
2024-07-09,USD,INR,83.4503
2024-07-09,USD,MXN,17.5361
2024-07-09,USD,GBP,0.8
2024-07-09,USD,SGD,1.3589
2024-07-09,USD,AUD,0.6719
2024-07-09,USD,CNY,7.2136
2024-07-10,USD,JPY,147.92
2024-07-10,USD,EUR,0.9335
2024-07-10,USD,BRL,4.9106
2024-07-10,USD,INR,83.4327
2024-07-10,USD,MXN,17.7109
2024-07-10,USD,GBP,0.7958
2024-07-10,USD,SGD,1.3666
2024-07-10,USD,AUD,0.6662
2024-07-10,USD,CNY,7.2189
2024-07-11,USD,JPY,148.36
2024-07-11,USD,EUR,0.9402
2024-07-11,USD,BRL,4.924
2024-07-11,USD,INR,83.2192
2024-07-11,USD,MXN,17.6179
2024-07-11,USD,GBP,0.799
2024-07-11,USD,SGD,1.3638
2024-07-11,USD,AUD,0.6576
2024-07-11,USD,CNY,7.1262
2024-07-12,USD,JPY,147.69
2024-07-12,USD,EUR,0.9359
2024-07-12,USD,BRL,5.1272
2024-07-12,USD,INR,83.2723
2024-07-12,USD,MXN,17.5977
2024-07-12,USD,GBP,0.8009
2024-07-12,USD,SGD,1.3675
2024-07-12,USD,AUD,0.6632
2024-07-12,USD,CNY,7.1912
2024-07-13,USD,JPY,148.75
2024-07-13,USD,EUR,0.9338
2024-07-13,USD,BRL,4.9847
2024-07-13,USD,INR,83.4975
2024-07-13,USD,MXN,17.2197
2024-07-13,USD,GBP,0.804
2024-07-13,USD,SGD,1.3494
2024-07-13,USD,AUD,0.656
2024-07-13,USD,CNY,7.2053
2024-07-14,USD,JPY,148.99
2024-07-14,USD,EUR,0.9307
2024-07-14,USD,BRL,5.0704
2024-07-14,USD,INR,83.6238
2024-07-14,USD,MXN,17.8246
2024-07-14,USD,GBP,0.8089
2024-07-14,USD,SGD,1.3634
2024-07-14,USD,AUD,0.6713
2024-07-14,USD,CNY,7.1
2024-07-15,USD,JPY,148.22
2024-07-15,USD,EUR,0.9273
2024-07-15,USD,BRL,5.2016
2024-07-15,USD,INR,83.2703
2024-07-15,USD,MXN,17.6481
2024-07-15,USD,GBP,0.8035
2024-07-15,USD,SGD,1.3565
2024-07-15,USD,AUD,0.6843
2024-07-15,USD,CNY,7.1494
2024-07-16,USD,JPY,148.48
2024-07-16,USD,EUR,0.9279
2024-07-16,USD,BRL,4.8616
2024-07-16,USD,INR,83.1872
2024-07-16,USD,MXN,17.6262
2024-07-16,USD,GBP,0.7986
2024-07-16,USD,SGD,1.3493
2024-07-16,USD,AUD,0.6595
2024-07-16,USD,CNY,7.1768
2024-07-17,USD,JPY,147.67
2024-07-17,USD,EUR,0.9355
2024-07-17,USD,BRL,5.0108
2024-07-17,USD,INR,83.0222
2024-07-17,USD,MXN,17.5876
2024-07-17,USD,GBP,0.7971
2024-07-17,USD,SGD,1.3595
2024-07-17,USD,AUD,0.6816
2024-07-17,USD,CNY,7.0876
2024-07-18,USD,JPY,148.52
2024-07-18,USD,EUR,0.931
2024-07-18,USD,BRL,5.0785
2024-07-18,USD,INR,83.3604
2024-07-18,USD,MXN,17.5234
2024-07-18,USD,GBP,0.7993
2024-07-18,USD,SGD,1.3484
2024-07-18,USD,AUD,0.6795
2024-07-18,USD,CNY,7.1828
2024-07-19,USD,JPY,149.45
2024-07-19,USD,EUR,0.9316
2024-07-19,USD,BRL,4.9492
2024-07-19,USD,INR,83.0192
2024-07-19,USD,MXN,17.3679
2024-07-19,USD,GBP,0.793
2024-07-19,USD,SGD,1.3591
2024-07-19,USD,AUD,0.675
2024-07-19,USD,CNY,7.1031
2024-07-20,USD,JPY,148.99
2024-07-20,USD,EUR,0.9296
2024-07-20,USD,BRL,5.0431
2024-07-20,USD,INR,83.6485
2024-07-20,USD,MXN,17.7751
2024-07-20,USD,GBP,0.7997
2024-07-20,USD,SGD,1.3476
2024-07-20,USD,AUD,0.6538
2024-07-20,USD,CNY,7.1466
2024-07-21,USD,JPY,148.47
2024-07-21,USD,EUR,0.9272
2024-07-21,USD,BRL,5.0235
2024-07-21,USD,INR,83.3455
2024-07-21,USD,MXN,17.609
2024-07-21,USD,GBP,0.7978
2024-07-21,USD,SGD,1.3583
2024-07-21,USD,AUD,0.6746
2024-07-21,USD,CNY,7.1285
2024-07-22,USD,JPY,149.33
2024-07-22,USD,EUR,0.9318
2024-07-22,USD,BRL,5.0465
2024-07-22,USD,INR,83.4759
2024-07-22,USD,MXN,17.6799
2024-07-22,USD,GBP,0.8059
2024-07-22,USD,SGD,1.3596
2024-07-22,USD,AUD,0.6662
2024-07-22,USD,CNY,7.2015
2024-07-23,USD,JPY,148.09
2024-07-23,USD,EUR,0.9329
2024-07-23,USD,BRL,5.049
2024-07-23,USD,INR,83.2967
2024-07-23,USD,MXN,17.6278
2024-07-23,USD,GBP,0.7918
2024-07-23,USD,SGD,1.3513
2024-07-23,USD,AUD,0.6719
2024-07-23,USD,CNY,7.1918
2024-07-24,USD,JPY,148.19
2024-07-24,USD,EUR,0.9388
2024-07-24,USD,BRL,4.9732
2024-07-24,USD,INR,83.5364
2024-07-24,USD,MXN,17.7134
2024-07-24,USD,GBP,0.798
2024-07-24,USD,SGD,1.3746
2024-07-24,USD,AUD,0.6617
2024-07-24,USD,CNY,7.2302
2024-07-25,USD,JPY,149.24
2024-07-25,USD,EUR,0.9292
2024-07-25,USD,BRL,5.2063
2024-07-25,USD,INR,83.2966
2024-07-25,USD,MXN,17.6948
2024-07-25,USD,GBP,0.8026
2024-07-25,USD,SGD,1.3556
2024-07-25,USD,AUD,0.6778
2024-07-25,USD,CNY,7.2243
2024-07-26,USD,JPY,147.91
2024-07-26,USD,EUR,0.9392
2024-07-26,USD,BRL,4.9078
2024-07-26,USD,INR,83.5572
2024-07-26,USD,MXN,17.8227
2024-07-26,USD,GBP,0.7959
2024-07-26,USD,SGD,1.3529
2024-07-26,USD,AUD,0.6625
2024-07-26,USD,CNY,7.1743
2024-07-27,USD,JPY,148.67
2024-07-27,USD,EUR,0.9367
2024-07-27,USD,BRL,5.2119
2024-07-27,USD,INR,83.6339
2024-07-27,USD,MXN,17.5716
2024-07-27,USD,GBP,0.8004
2024-07-27,USD,SGD,1.3403
2024-07-27,USD,AUD,0.665
2024-07-27,USD,CNY,7.2337
2024-07-28,USD,JPY,149.67
2024-07-28,USD,EUR,0.9267
2024-07-28,USD,BRL,5.028
2024-07-28,USD,INR,83.3536
2024-07-28,USD,MXN,17.7001
2024-07-28,USD,GBP,0.7974
2024-07-28,USD,SGD,1.3614
2024-07-28,USD,AUD,0.6677
2024-07-28,USD,CNY,7.1852
2024-07-29,USD,JPY,149.17
2024-07-29,USD,EUR,0.933
2024-07-29,USD,BRL,5.0498
2024-07-29,USD,INR,83.3411
2024-07-29,USD,MXN,17.647
2024-07-29,USD,GBP,0.7997
2024-07-29,USD,SGD,1.3547
2024-07-29,USD,AUD,0.6843
2024-07-29,USD,CNY,7.2143
2024-07-30,USD,JPY,148.79
2024-07-30,USD,EUR,0.9366
2024-07-30,USD,BRL,5.066
2024-07-30,USD,INR,83.6017
2024-07-30,USD,MXN,17.7179
2024-07-30,USD,GBP,0.801
2024-07-30,USD,SGD,1.3618
2024-07-30,USD,AUD,0.659
2024-07-30,USD,CNY,7.1304
2024-07-31,USD,JPY,148.38
2024-07-31,USD,EUR,0.9339
2024-07-31,USD,BRL,5.2782
2024-07-31,USD,INR,83.8175
2024-07-31,USD,MXN,17.7604
2024-07-31,USD,GBP,0.8041
2024-07-31,USD,SGD,1.3394
2024-07-31,USD,AUD,0.6673
2024-07-31,USD,CNY,7.1477
2024-08-01,USD,JPY,148.71
2024-08-01,USD,EUR,0.9325
2024-08-01,USD,BRL,5.063
2024-08-01,USD,INR,82.9795
2024-08-01,USD,MXN,17.779
2024-08-01,USD,GBP,0.7963
2024-08-01,USD,SGD,1.3599
2024-08-01,USD,AUD,0.6883
2024-08-01,USD,CNY,7.1416
2024-08-02,USD,JPY,147.79
2024-08-02,USD,EUR,0.932
2024-08-02,USD,BRL,5.2253
2024-08-02,USD,INR,83.7711
2024-08-02,USD,MXN,17.4846
2024-08-02,USD,GBP,0.8042
2024-08-02,USD,SGD,1.3529
2024-08-02,USD,AUD,0.6709
2024-08-02,USD,CNY,7.3202
2024-08-03,USD,JPY,148.35
2024-08-03,USD,EUR,0.9348
2024-08-03,USD,BRL,5.1667
2024-08-03,USD,INR,83.6007
2024-08-03,USD,MXN,17.6859
2024-08-03,USD,GBP,0.8033
2024-08-03,USD,SGD,1.3538
2024-08-03,USD,AUD,0.6739
2024-08-03,USD,CNY,7.1712
2024-08-04,USD,JPY,149.45
2024-08-04,USD,EUR,0.9318
2024-08-04,USD,BRL,5.1619
2024-08-04,USD,INR,83.3818
2024-08-04,USD,MXN,17.8423
2024-08-04,USD,GBP,0.8016
2024-08-04,USD,SGD,1.34
2024-08-04,USD,AUD,0.6819
2024-08-04,USD,CNY,7.1435
2024-08-05,USD,JPY,148.85
2024-08-05,USD,EUR,0.9308
2024-08-05,USD,BRL,5.2657
2024-08-05,USD,INR,82.9646
2024-08-05,USD,MXN,18.1463
2024-08-05,USD,GBP,0.8072
2024-08-05,USD,SGD,1.3601
2024-08-05,USD,AUD,0.6715
2024-08-05,USD,CNY,7.2035
2024-08-06,USD,JPY,149.48
2024-08-06,USD,EUR,0.9371
2024-08-06,USD,BRL,5.1875
2024-08-06,USD,INR,83.4138
2024-08-06,USD,MXN,17.6482
2024-08-06,USD,GBP,0.8012
2024-08-06,USD,SGD,1.356
2024-08-06,USD,AUD,0.681
2024-08-06,USD,CNY,7.2193
2024-08-07,USD,JPY,147.79
2024-08-07,USD,EUR,0.9373
2024-08-07,USD,BRL,5.1548
2024-08-07,USD,INR,83.3963
2024-08-07,USD,MXN,17.6217
2024-08-07,USD,GBP,0.8076
2024-08-07,USD,SGD,1.3675
2024-08-07,USD,AUD,0.6658
2024-08-07,USD,CNY,7.2104
2024-08-08,USD,JPY,148.81
2024-08-08,USD,EUR,0.9272
2024-08-08,USD,BRL,5.0757
2024-08-08,USD,INR,83.5766
2024-08-08,USD,MXN,17.8252
2024-08-08,USD,GBP,0.8046
2024-08-08,USD,SGD,1.3653
2024-08-08,USD,AUD,0.6762
2024-08-08,USD,CNY,7.1583
2024-08-09,USD,JPY,149.56
2024-08-09,USD,EUR,0.9382
2024-08-09,USD,BRL,5.2164
2024-08-09,USD,INR,83.646
2024-08-09,USD,MXN,17.7906
2024-08-09,USD,GBP,0.8039
2024-08-09,USD,SGD,1.3689
2024-08-09,USD,AUD,0.6719
2024-08-09,USD,CNY,7.1467
2024-08-10,USD,JPY,149.3
2024-08-10,USD,EUR,0.9306
2024-08-10,USD,BRL,5.0758
2024-08-10,USD,INR,83.3834
2024-08-10,USD,MXN,17.5677
2024-08-10,USD,GBP,0.8006
2024-08-10,USD,SGD,1.3393
2024-08-10,USD,AUD,0.6739
2024-08-10,USD,CNY,7.1913
2024-08-11,USD,JPY,149.01
2024-08-11,USD,EUR,0.9377
2024-08-11,USD,BRL,5.2391
2024-08-11,USD,INR,83.0949
2024-08-11,USD,MXN,17.5744
2024-08-11,USD,GBP,0.7984
2024-08-11,USD,SGD,1.3489
2024-08-11,USD,AUD,0.6789
2024-08-11,USD,CNY,7.182
2024-08-12,USD,JPY,149.33
2024-08-12,USD,EUR,0.9245
2024-08-12,USD,BRL,5.2105
2024-08-12,USD,INR,83.1727
2024-08-12,USD,MXN,17.6999
2024-08-12,USD,GBP,0.8037
2024-08-12,USD,SGD,1.372
2024-08-12,USD,AUD,0.6618
2024-08-12,USD,CNY,7.0411
2024-08-13,USD,JPY,149.59
2024-08-13,USD,EUR,0.9437
2024-08-13,USD,BRL,5.2722
2024-08-13,USD,INR,83.4666
2024-08-13,USD,MXN,17.6194
2024-08-13,USD,GBP,0.8064
2024-08-13,USD,SGD,1.3488
2024-08-13,USD,AUD,0.6761
2024-08-13,USD,CNY,7.2177
2024-08-14,USD,JPY,150.07
2024-08-14,USD,EUR,0.9486
2024-08-14,USD,BRL,5.1884
2024-08-14,USD,INR,83.327
2024-08-14,USD,MXN,17.6915
2024-08-14,USD,GBP,0.7935
2024-08-14,USD,SGD,1.3516
2024-08-14,USD,AUD,0.6691
2024-08-14,USD,CNY,7.1667
2024-08-15,USD,JPY,149.66
2024-08-15,USD,EUR,0.9308
2024-08-15,USD,BRL,5.2619
2024-08-15,USD,INR,83.4329
2024-08-15,USD,MXN,17.6961
2024-08-15,USD,GBP,0.8008
2024-08-15,USD,SGD,1.3602
2024-08-15,USD,AUD,0.679
2024-08-15,USD,CNY,7.1499
2024-08-16,USD,JPY,149.29
2024-08-16,USD,EUR,0.9335
2024-08-16,USD,BRL,5.0154
2024-08-16,USD,INR,83.2731
2024-08-16,USD,MXN,17.6283
2024-08-16,USD,GBP,0.8069
2024-08-16,USD,SGD,1.3614
2024-08-16,USD,AUD,0.674
2024-08-16,USD,CNY,7.2362
2024-08-17,USD,JPY,149.59
2024-08-17,USD,EUR,0.937
2024-08-17,USD,BRL,5.1395
2024-08-17,USD,INR,83.4942
2024-08-17,USD,MXN,17.6145
2024-08-17,USD,GBP,0.7904
2024-08-17,USD,SGD,1.3575
2024-08-17,USD,AUD,0.6839
2024-08-17,USD,CNY,7.2404
2024-08-18,USD,JPY,150.18
2024-08-18,USD,EUR,0.9414
2024-08-18,USD,BRL,5.1582
2024-08-18,USD,INR,83.4847
2024-08-18,USD,MXN,17.6115
2024-08-18,USD,GBP,0.801
2024-08-18,USD,SGD,1.3651
2024-08-18,USD,AUD,0.6822
2024-08-18,USD,CNY,7.1875
2024-08-19,USD,JPY,149.51
2024-08-19,USD,EUR,0.9353
2024-08-19,USD,BRL,5.2087
2024-08-19,USD,INR,83.1605
2024-08-19,USD,MXN,17.3619
2024-08-19,USD,GBP,0.7999
2024-08-19,USD,SGD,1.3468
2024-08-19,USD,AUD,0.6686
2024-08-19,USD,CNY,7.1875
2024-08-20,USD,JPY,149.55
2024-08-20,USD,EUR,0.9427
2024-08-20,USD,BRL,5.18
2024-08-20,USD,INR,83.5135
2024-08-20,USD,MXN,17.8018
2024-08-20,USD,GBP,0.797
2024-08-20,USD,SGD,1.3695
2024-08-20,USD,AUD,0.6721
2024-08-20,USD,CNY,7.2289
2024-08-21,USD,JPY,149.28
2024-08-21,USD,EUR,0.9278
2024-08-21,USD,BRL,5.2276
2024-08-21,USD,INR,83.5328
2024-08-21,USD,MXN,17.5754
2024-08-21,USD,GBP,0.7984
2024-08-21,USD,SGD,1.3704
2024-08-21,USD,AUD,0.6633
2024-08-21,USD,CNY,7.2779
2024-08-22,USD,JPY,149.41
2024-08-22,USD,EUR,0.9388
2024-08-22,USD,BRL,5.111
2024-08-22,USD,INR,83.5823
2024-08-22,USD,MXN,17.6313
2024-08-22,USD,GBP,0.802
2024-08-22,USD,SGD,1.3596
2024-08-22,USD,AUD,0.6648
2024-08-22,USD,CNY,7.2332
2024-08-23,USD,JPY,149.64
2024-08-23,USD,EUR,0.9346
2024-08-23,USD,BRL,5.0422
2024-08-23,USD,INR,82.9533
2024-08-23,USD,MXN,17.6864
2024-08-23,USD,GBP,0.8149
2024-08-23,USD,SGD,1.3672
2024-08-23,USD,AUD,0.6727
2024-08-23,USD,CNY,7.1834
2024-08-24,USD,JPY,149.95
2024-08-24,USD,EUR,0.9386
2024-08-24,USD,BRL,5.021
2024-08-24,USD,INR,83.6927
2024-08-24,USD,MXN,17.8246
2024-08-24,USD,GBP,0.8065
2024-08-24,USD,SGD,1.3638
2024-08-24,USD,AUD,0.6731
2024-08-24,USD,CNY,7.2306
2024-08-25,USD,JPY,150.28
2024-08-25,USD,EUR,0.9342
2024-08-25,USD,BRL,5.0787
2024-08-25,USD,INR,83.4943
2024-08-25,USD,MXN,17.9518
2024-08-25,USD,GBP,0.7968
2024-08-25,USD,SGD,1.3448
2024-08-25,USD,AUD,0.6743
2024-08-25,USD,CNY,7.1999
2024-08-26,USD,JPY,150.11
2024-08-26,USD,EUR,0.9373
2024-08-26,USD,BRL,5.1105
2024-08-26,USD,INR,83.7761
2024-08-26,USD,MXN,17.4815
2024-08-26,USD,GBP,0.7989
2024-08-26,USD,SGD,1.3585
2024-08-26,USD,AUD,0.6599
2024-08-26,USD,CNY,7.189
2024-08-27,USD,JPY,150.89
2024-08-27,USD,EUR,0.9363
2024-08-27,USD,BRL,5.1523
2024-08-27,USD,INR,83.2302
2024-08-27,USD,MXN,17.6314
2024-08-27,USD,GBP,0.8012
2024-08-27,USD,SGD,1.3565
2024-08-27,USD,AUD,0.6833
2024-08-27,USD,CNY,7.2261
2024-08-28,USD,JPY,149.54
2024-08-28,USD,EUR,0.9375
2024-08-28,USD,BRL,5.1751
2024-08-28,USD,INR,83.7143
2024-08-28,USD,MXN,17.9631
2024-08-28,USD,GBP,0.7981
2024-08-28,USD,SGD,1.3516
2024-08-28,USD,AUD,0.6631
2024-08-28,USD,CNY,7.1869
2024-08-29,USD,JPY,150.37
2024-08-29,USD,EUR,0.9413
2024-08-29,USD,BRL,5.1134
2024-08-29,USD,INR,83.4264
2024-08-29,USD,MXN,17.751
2024-08-29,USD,GBP,0.799
2024-08-29,USD,SGD,1.3807
2024-08-29,USD,AUD,0.6603
2024-08-29,USD,CNY,7.2083
2024-08-30,USD,JPY,151.19
2024-08-30,USD,EUR,0.9366
2024-08-30,USD,BRL,5.0974
2024-08-30,USD,INR,83.423
2024-08-30,USD,MXN,17.7034
2024-08-30,USD,GBP,0.8101
2024-08-30,USD,SGD,1.3378
2024-08-30,USD,AUD,0.6855
2024-08-30,USD,CNY,7.1283
2024-08-31,USD,JPY,150.09
2024-08-31,USD,EUR,0.9345
2024-08-31,USD,BRL,5.1704
2024-08-31,USD,INR,83.179
2024-08-31,USD,MXN,17.8019
2024-08-31,USD,GBP,0.8134
2024-08-31,USD,SGD,1.3463
2024-08-31,USD,AUD,0.6748
2024-08-31,USD,CNY,7.1668
2024-09-01,USD,JPY,150.47
2024-09-01,USD,EUR,0.9368
2024-09-01,USD,BRL,5.0421
2024-09-01,USD,INR,83.6003
2024-09-01,USD,MXN,18.0054
2024-09-01,USD,GBP,0.8024
2024-09-01,USD,SGD,1.3673
2024-09-01,USD,AUD,0.663
2024-09-01,USD,CNY,7.1525
2024-09-02,USD,JPY,150.54
2024-09-02,USD,EUR,0.9443
2024-09-02,USD,BRL,5.1363
2024-09-02,USD,INR,83.4442
2024-09-02,USD,MXN,17.7369
2024-09-02,USD,GBP,0.7972
2024-09-02,USD,SGD,1.3662
2024-09-02,USD,AUD,0.6805
2024-09-02,USD,CNY,7.1781
2024-09-03,USD,JPY,150.1
2024-09-03,USD,EUR,0.9383
2024-09-03,USD,BRL,5.0513
2024-09-03,USD,INR,83.4977
2024-09-03,USD,MXN,18.0541
2024-09-03,USD,GBP,0.8022
2024-09-03,USD,SGD,1.3566
2024-09-03,USD,AUD,0.6683
2024-09-03,USD,CNY,7.2383
2024-09-04,USD,JPY,150.29
2024-09-04,USD,EUR,0.9338
2024-09-04,USD,BRL,5.221
2024-09-04,USD,INR,83.799
2024-09-04,USD,MXN,17.6513
2024-09-04,USD,GBP,0.7942
2024-09-04,USD,SGD,1.3704
2024-09-04,USD,AUD,0.6681
2024-09-04,USD,CNY,7.241
2024-09-05,USD,JPY,149.43
2024-09-05,USD,EUR,0.9416
2024-09-05,USD,BRL,4.9613
2024-09-05,USD,INR,83.6653
2024-09-05,USD,MXN,17.7457
2024-09-05,USD,GBP,0.7988
2024-09-05,USD,SGD,1.3563
2024-09-05,USD,AUD,0.6791
2024-09-05,USD,CNY,7.2072
2024-09-06,USD,JPY,150.75
2024-09-06,USD,EUR,0.9472
2024-09-06,USD,BRL,4.9194
2024-09-06,USD,INR,83.8467
2024-09-06,USD,MXN,17.7614
2024-09-06,USD,GBP,0.7991
2024-09-06,USD,SGD,1.3472
2024-09-06,USD,AUD,0.6721
2024-09-06,USD,CNY,7.2484
2024-09-07,USD,JPY,150.44
2024-09-07,USD,EUR,0.945
2024-09-07,USD,BRL,4.9237
2024-09-07,USD,INR,83.525
2024-09-07,USD,MXN,17.5601
2024-09-07,USD,GBP,0.8055
2024-09-07,USD,SGD,1.3694
2024-09-07,USD,AUD,0.6703
2024-09-07,USD,CNY,7.0725
2024-09-08,USD,JPY,150.64
2024-09-08,USD,EUR,0.9397
2024-09-08,USD,BRL,5.1021
2024-09-08,USD,INR,83.7787
2024-09-08,USD,MXN,17.5895
2024-09-08,USD,GBP,0.8072
2024-09-08,USD,SGD,1.3726
2024-09-08,USD,AUD,0.6595
2024-09-08,USD,CNY,7.2191
2024-09-09,USD,JPY,150.33
2024-09-09,USD,EUR,0.9372
2024-09-09,USD,BRL,5.089
2024-09-09,USD,INR,83.4382
2024-09-09,USD,MXN,17.651
2024-09-09,USD,GBP,0.804
2024-09-09,USD,SGD,1.3498
2024-09-09,USD,AUD,0.6651
2024-09-09,USD,CNY,7.2375
2024-09-10,USD,JPY,150.05
2024-09-10,USD,EUR,0.9411
2024-09-10,USD,BRL,5.0928
2024-09-10,USD,INR,83.1946
2024-09-10,USD,MXN,17.6529
2024-09-10,USD,GBP,0.8098
2024-09-10,USD,SGD,1.351
2024-09-10,USD,AUD,0.6701
2024-09-10,USD,CNY,7.2271
2024-09-11,USD,JPY,151.05
2024-09-11,USD,EUR,0.9366
2024-09-11,USD,BRL,4.9789
2024-09-11,USD,INR,83.8283
2024-09-11,USD,MXN,18.0175
2024-09-11,USD,GBP,0.8088
2024-09-11,USD,SGD,1.3617
2024-09-11,USD,AUD,0.6675
2024-09-11,USD,CNY,7.1629
2024-09-12,USD,JPY,150.96
2024-09-12,USD,EUR,0.94
2024-09-12,USD,BRL,5.1706
2024-09-12,USD,INR,83.678
2024-09-12,USD,MXN,17.5334
2024-09-12,USD,GBP,0.8092
2024-09-12,USD,SGD,1.351
2024-09-12,USD,AUD,0.6709
2024-09-12,USD,CNY,7.2173
2024-09-13,USD,JPY,151.74
2024-09-13,USD,EUR,0.9536
2024-09-13,USD,BRL,5.0828
2024-09-13,USD,INR,83.5154
2024-09-13,USD,MXN,17.8413
2024-09-13,USD,GBP,0.8085
2024-09-13,USD,SGD,1.3578
2024-09-13,USD,AUD,0.6884
2024-09-13,USD,CNY,7.2167
2024-09-14,USD,JPY,151.03
2024-09-14,USD,EUR,0.9415
2024-09-14,USD,BRL,5.0557
2024-09-14,USD,INR,83.724
2024-09-14,USD,MXN,17.6707
2024-09-14,USD,GBP,0.8013
2024-09-14,USD,SGD,1.3501
2024-09-14,USD,AUD,0.6776
2024-09-14,USD,CNY,7.2446
2024-09-15,USD,JPY,151.05
2024-09-15,USD,EUR,0.9466
2024-09-15,USD,BRL,5.0043
2024-09-15,USD,INR,83.694
2024-09-15,USD,MXN,17.6017
2024-09-15,USD,GBP,0.8022
2024-09-15,USD,SGD,1.3682
2024-09-15,USD,AUD,0.6809
2024-09-15,USD,CNY,7.1913
2024-09-16,USD,JPY,150.82
2024-09-16,USD,EUR,0.9308
2024-09-16,USD,BRL,4.9602
2024-09-16,USD,INR,83.7425
2024-09-16,USD,MXN,17.854
2024-09-16,USD,GBP,0.8067
2024-09-16,USD,SGD,1.3618
2024-09-16,USD,AUD,0.6742
2024-09-16,USD,CNY,7.1734
2024-09-17,USD,JPY,151.25
2024-09-17,USD,EUR,0.9406
2024-09-17,USD,BRL,5.036
2024-09-17,USD,INR,83.4633
2024-09-17,USD,MXN,17.4469
2024-09-17,USD,GBP,0.8097
2024-09-17,USD,SGD,1.3566
2024-09-17,USD,AUD,0.6673
2024-09-17,USD,CNY,7.2415
2024-09-18,USD,JPY,150.74
2024-09-18,USD,EUR,0.9439
2024-09-18,USD,BRL,5.0392
2024-09-18,USD,INR,83.7093
2024-09-18,USD,MXN,17.5672
2024-09-18,USD,GBP,0.8104
2024-09-18,USD,SGD,1.3641
2024-09-18,USD,AUD,0.6713
2024-09-18,USD,CNY,7.2144
2024-09-19,USD,JPY,150.09
2024-09-19,USD,EUR,0.9408
2024-09-19,USD,BRL,4.8651
2024-09-19,USD,INR,83.3062
2024-09-19,USD,MXN,17.5459
2024-09-19,USD,GBP,0.8099
2024-09-19,USD,SGD,1.3552
2024-09-19,USD,AUD,0.6866
2024-09-19,USD,CNY,7.1809
2024-09-20,USD,JPY,150.17
2024-09-20,USD,EUR,0.9332
2024-09-20,USD,BRL,5.0821
2024-09-20,USD,INR,83.5496
2024-09-20,USD,MXN,17.6942
2024-09-20,USD,GBP,0.8052
2024-09-20,USD,SGD,1.3666
2024-09-20,USD,AUD,0.6834
2024-09-20,USD,CNY,7.2805
2024-09-21,USD,JPY,150.88
2024-09-21,USD,EUR,0.9323
2024-09-21,USD,BRL,4.9075
2024-09-21,USD,INR,83.637
2024-09-21,USD,MXN,17.6341
2024-09-21,USD,GBP,0.7997
2024-09-21,USD,SGD,1.3651
2024-09-21,USD,AUD,0.6741
2024-09-21,USD,CNY,7.2101
2024-09-22,USD,JPY,150.72
2024-09-22,USD,EUR,0.9379
2024-09-22,USD,BRL,4.8466
2024-09-22,USD,INR,83.7671
2024-09-22,USD,MXN,17.9361
2024-09-22,USD,GBP,0.7953
2024-09-22,USD,SGD,1.3525
2024-09-22,USD,AUD,0.6625
2024-09-22,USD,CNY,7.1764
2024-09-23,USD,JPY,151.1
2024-09-23,USD,EUR,0.9319
2024-09-23,USD,BRL,4.8369
2024-09-23,USD,INR,83.3924
2024-09-23,USD,MXN,17.8141
2024-09-23,USD,GBP,0.8049
2024-09-23,USD,SGD,1.3546
2024-09-23,USD,AUD,0.676
2024-09-23,USD,CNY,7.182
2024-09-24,USD,JPY,151.04
2024-09-24,USD,EUR,0.9476
2024-09-24,USD,BRL,5.0531
2024-09-24,USD,INR,83.3373
2024-09-24,USD,MXN,17.9097
2024-09-24,USD,GBP,0.8087
2024-09-24,USD,SGD,1.3505
2024-09-24,USD,AUD,0.6812
2024-09-24,USD,CNY,7.2866
2024-09-25,USD,JPY,150.66
2024-09-25,USD,EUR,0.9348
2024-09-25,USD,BRL,5.0108
2024-09-25,USD,INR,83.6557
2024-09-25,USD,MXN,17.8701
2024-09-25,USD,GBP,0.8064
2024-09-25,USD,SGD,1.3659
2024-09-25,USD,AUD,0.6641
2024-09-25,USD,CNY,7.2625
2024-09-26,USD,JPY,151.84
2024-09-26,USD,EUR,0.9383
2024-09-26,USD,BRL,4.8945
2024-09-26,USD,INR,83.2993
2024-09-26,USD,MXN,17.8667
2024-09-26,USD,GBP,0.8076
2024-09-26,USD,SGD,1.3615
2024-09-26,USD,AUD,0.6837
2024-09-26,USD,CNY,7.1938
2024-09-27,USD,JPY,151.58
2024-09-27,USD,EUR,0.9345
2024-09-27,USD,BRL,4.8863
2024-09-27,USD,INR,83.5747
2024-09-27,USD,MXN,17.8256
2024-09-27,USD,GBP,0.8029
2024-09-27,USD,SGD,1.3609
2024-09-27,USD,AUD,0.6814
2024-09-27,USD,CNY,7.1891
2024-09-28,USD,JPY,150.54
2024-09-28,USD,EUR,0.9484
2024-09-28,USD,BRL,5.0165
2024-09-28,USD,INR,83.3552
2024-09-28,USD,MXN,17.8974
2024-09-28,USD,GBP,0.8023
2024-09-28,USD,SGD,1.3649
2024-09-28,USD,AUD,0.6772
2024-09-28,USD,CNY,7.1996
2024-09-29,USD,JPY,150.99
2024-09-29,USD,EUR,0.9364
2024-09-29,USD,BRL,4.7764
2024-09-29,USD,INR,83.4514
2024-09-29,USD,MXN,17.7861
2024-09-29,USD,GBP,0.8013
2024-09-29,USD,SGD,1.3692
2024-09-29,USD,AUD,0.6868
2024-09-29,USD,CNY,7.1828
2024-09-30,USD,JPY,151.54
2024-09-30,USD,EUR,0.9424
2024-09-30,USD,BRL,4.9049
2024-09-30,USD,INR,83.6371
2024-09-30,USD,MXN,17.9098
2024-09-30,USD,GBP,0.8074
2024-09-30,USD,SGD,1.3501
2024-09-30,USD,AUD,0.6819
2024-09-30,USD,CNY,7.2566
2024-10-01,USD,JPY,151.08
2024-10-01,USD,EUR,0.9402
2024-10-01,USD,BRL,4.9158
2024-10-01,USD,INR,83.5842
2024-10-01,USD,MXN,17.9615
2024-10-01,USD,GBP,0.8168
2024-10-01,USD,SGD,1.3547
2024-10-01,USD,AUD,0.664
2024-10-01,USD,CNY,7.2278
2024-10-02,USD,JPY,151.86
2024-10-02,USD,EUR,0.939
2024-10-02,USD,BRL,4.9824
2024-10-02,USD,INR,83.3624
2024-10-02,USD,MXN,17.9067
2024-10-02,USD,GBP,0.802
2024-10-02,USD,SGD,1.3798
2024-10-02,USD,AUD,0.691
2024-10-02,USD,CNY,7.1747
2024-10-03,USD,JPY,151.27
2024-10-03,USD,EUR,0.9445
2024-10-03,USD,BRL,4.7881
2024-10-03,USD,INR,83.6252
2024-10-03,USD,MXN,17.8087
2024-10-03,USD,GBP,0.7955
2024-10-03,USD,SGD,1.3625
2024-10-03,USD,AUD,0.6696
2024-10-03,USD,CNY,7.1888
2024-10-04,USD,JPY,152.3
2024-10-04,USD,EUR,0.9341
2024-10-04,USD,BRL,4.8978
2024-10-04,USD,INR,83.5826
2024-10-04,USD,MXN,17.7652
2024-10-04,USD,GBP,0.8091
2024-10-04,USD,SGD,1.3662
2024-10-04,USD,AUD,0.6797
2024-10-04,USD,CNY,7.2622
2024-10-05,USD,JPY,151.45
2024-10-05,USD,EUR,0.9374
2024-10-05,USD,BRL,4.6977
2024-10-05,USD,INR,83.4774
2024-10-05,USD,MXN,18.2517
2024-10-05,USD,GBP,0.8115
2024-10-05,USD,SGD,1.3493
2024-10-05,USD,AUD,0.6647
2024-10-05,USD,CNY,7.2383
2024-10-06,USD,JPY,151.93
2024-10-06,USD,EUR,0.9433
2024-10-06,USD,BRL,4.7706
2024-10-06,USD,INR,83.6215
2024-10-06,USD,MXN,17.8607
2024-10-06,USD,GBP,0.8057
2024-10-06,USD,SGD,1.3407
2024-10-06,USD,AUD,0.6734
2024-10-06,USD,CNY,7.1721
2024-10-07,USD,JPY,151.79
2024-10-07,USD,EUR,0.9556
2024-10-07,USD,BRL,4.8227
2024-10-07,USD,INR,83.588
2024-10-07,USD,MXN,17.952
2024-10-07,USD,GBP,0.8078
2024-10-07,USD,SGD,1.3672
2024-10-07,USD,AUD,0.6802
2024-10-07,USD,CNY,7.3179
2024-10-08,USD,JPY,151.17
2024-10-08,USD,EUR,0.9432
2024-10-08,USD,BRL,4.6833
2024-10-08,USD,INR,83.7659
2024-10-08,USD,MXN,17.6781
2024-10-08,USD,GBP,0.8033
2024-10-08,USD,SGD,1.3601
2024-10-08,USD,AUD,0.6832
2024-10-08,USD,CNY,7.2614
2024-10-09,USD,JPY,151.16
2024-10-09,USD,EUR,0.9412
2024-10-09,USD,BRL,4.695
2024-10-09,USD,INR,83.4072
2024-10-09,USD,MXN,17.7855
2024-10-09,USD,GBP,0.8039
2024-10-09,USD,SGD,1.3874
2024-10-09,USD,AUD,0.6789
2024-10-09,USD,CNY,7.147
2024-10-10,USD,JPY,151.54
2024-10-10,USD,EUR,0.9461
2024-10-10,USD,BRL,4.9649
2024-10-10,USD,INR,83.3458
2024-10-10,USD,MXN,17.5383
2024-10-10,USD,GBP,0.8149
2024-10-10,USD,SGD,1.3672
2024-10-10,USD,AUD,0.6686
2024-10-10,USD,CNY,7.243
2024-10-11,USD,JPY,150.54
2024-10-11,USD,EUR,0.9411
2024-10-11,USD,BRL,4.7791
2024-10-11,USD,INR,83.852
2024-10-11,USD,MXN,17.6704
2024-10-11,USD,GBP,0.806
2024-10-11,USD,SGD,1.3541
2024-10-11,USD,AUD,0.6776
2024-10-11,USD,CNY,7.1719
2024-10-12,USD,JPY,151.7
2024-10-12,USD,EUR,0.9363
2024-10-12,USD,BRL,4.8018
2024-10-12,USD,INR,83.8429
2024-10-12,USD,MXN,17.7895
2024-10-12,USD,GBP,0.8058
2024-10-12,USD,SGD,1.3489
2024-10-12,USD,AUD,0.6732
2024-10-12,USD,CNY,7.2146
2024-10-13,USD,JPY,153.25
2024-10-13,USD,EUR,0.9358
2024-10-13,USD,BRL,4.8736
2024-10-13,USD,INR,83.8747
2024-10-13,USD,MXN,17.8689
2024-10-13,USD,GBP,0.8145
2024-10-13,USD,SGD,1.3672
2024-10-13,USD,AUD,0.6788
2024-10-13,USD,CNY,7.2149
2024-10-14,USD,JPY,152.59
2024-10-14,USD,EUR,0.9469
2024-10-14,USD,BRL,4.6553
2024-10-14,USD,INR,83.4156
2024-10-14,USD,MXN,17.7986
2024-10-14,USD,GBP,0.8017
2024-10-14,USD,SGD,1.363
2024-10-14,USD,AUD,0.6856
2024-10-14,USD,CNY,7.1951
2024-10-15,USD,JPY,152.0
2024-10-15,USD,EUR,0.9419
2024-10-15,USD,BRL,4.7935
2024-10-15,USD,INR,83.2342
2024-10-15,USD,MXN,17.7402
2024-10-15,USD,GBP,0.8068
2024-10-15,USD,SGD,1.3757
2024-10-15,USD,AUD,0.6718
2024-10-15,USD,CNY,7.1245
2024-10-16,USD,JPY,152.37
2024-10-16,USD,EUR,0.9385
2024-10-16,USD,BRL,4.5807
2024-10-16,USD,INR,83.5628
2024-10-16,USD,MXN,17.8057
2024-10-16,USD,GBP,0.8028
2024-10-16,USD,SGD,1.3417
2024-10-16,USD,AUD,0.683
2024-10-16,USD,CNY,7.2825
2024-10-17,USD,JPY,152.43
2024-10-17,USD,EUR,0.9361
2024-10-17,USD,BRL,4.6706
2024-10-17,USD,INR,83.6905
2024-10-17,USD,MXN,17.9254
2024-10-17,USD,GBP,0.8092
2024-10-17,USD,SGD,1.3565
2024-10-17,USD,AUD,0.6765
2024-10-17,USD,CNY,7.242
2024-10-18,USD,JPY,152.87
2024-10-18,USD,EUR,0.9454
2024-10-18,USD,BRL,4.761
2024-10-18,USD,INR,83.7127
2024-10-18,USD,MXN,18.0494
2024-10-18,USD,GBP,0.808
2024-10-18,USD,SGD,1.3553
2024-10-18,USD,AUD,0.6872
2024-10-18,USD,CNY,7.2545
2024-10-19,USD,JPY,151.96
2024-10-19,USD,EUR,0.9396
2024-10-19,USD,BRL,4.7033
2024-10-19,USD,INR,83.7926
2024-10-19,USD,MXN,17.8696
2024-10-19,USD,GBP,0.8076
2024-10-19,USD,SGD,1.381
2024-10-19,USD,AUD,0.6846
2024-10-19,USD,CNY,7.2295
2024-10-20,USD,JPY,152.69
2024-10-20,USD,EUR,0.9369
2024-10-20,USD,BRL,4.7052
2024-10-20,USD,INR,84.066
2024-10-20,USD,MXN,17.8095
2024-10-20,USD,GBP,0.8018
2024-10-20,USD,SGD,1.3576
2024-10-20,USD,AUD,0.6673
2024-10-20,USD,CNY,7.1812
2024-10-21,USD,JPY,152.07
2024-10-21,USD,EUR,0.9352
2024-10-21,USD,BRL,4.6589
2024-10-21,USD,INR,83.8887
2024-10-21,USD,MXN,17.7082
2024-10-21,USD,GBP,0.8137
2024-10-21,USD,SGD,1.3693
2024-10-21,USD,AUD,0.6844
2024-10-21,USD,CNY,7.1879
2024-10-22,USD,JPY,152.73
2024-10-22,USD,EUR,0.9369
2024-10-22,USD,BRL,4.7386
2024-10-22,USD,INR,83.7467
2024-10-22,USD,MXN,17.9296
2024-10-22,USD,GBP,0.8003
2024-10-22,USD,SGD,1.3553
2024-10-22,USD,AUD,0.6809
2024-10-22,USD,CNY,7.1738
2024-10-23,USD,JPY,152.57
2024-10-23,USD,EUR,0.9356
2024-10-23,USD,BRL,4.7268
2024-10-23,USD,INR,83.4699
2024-10-23,USD,MXN,17.9316
2024-10-23,USD,GBP,0.8093
2024-10-23,USD,SGD,1.3574
2024-10-23,USD,AUD,0.6809
2024-10-23,USD,CNY,7.2347
2024-10-24,USD,JPY,152.11
2024-10-24,USD,EUR,0.9375
2024-10-24,USD,BRL,4.4384
2024-10-24,USD,INR,83.7905
2024-10-24,USD,MXN,17.6162
2024-10-24,USD,GBP,0.8068
2024-10-24,USD,SGD,1.3618
2024-10-24,USD,AUD,0.6817
2024-10-24,USD,CNY,7.207
2024-10-25,USD,JPY,152.26
2024-10-25,USD,EUR,0.9463
2024-10-25,USD,BRL,4.6611
2024-10-25,USD,INR,83.7879
2024-10-25,USD,MXN,17.9235
2024-10-25,USD,GBP,0.7987
2024-10-25,USD,SGD,1.3721
2024-10-25,USD,AUD,0.6812
2024-10-25,USD,CNY,7.1716
2024-10-26,USD,JPY,152.34
2024-10-26,USD,EUR,0.9426
2024-10-26,USD,BRL,4.6074
2024-10-26,USD,INR,83.7955
2024-10-26,USD,MXN,18.07
2024-10-26,USD,GBP,0.8118
2024-10-26,USD,SGD,1.3515
2024-10-26,USD,AUD,0.6814
2024-10-26,USD,CNY,7.2893
2024-10-27,USD,JPY,152.69
2024-10-27,USD,EUR,0.9483
2024-10-27,USD,BRL,4.8155
2024-10-27,USD,INR,83.9376
2024-10-27,USD,MXN,17.8949
2024-10-27,USD,GBP,0.8117
2024-10-27,USD,SGD,1.3661
2024-10-27,USD,AUD,0.6766
2024-10-27,USD,CNY,7.2057
2024-10-28,USD,JPY,153.32
2024-10-28,USD,EUR,0.9389
2024-10-28,USD,BRL,4.7613
2024-10-28,USD,INR,83.837
2024-10-28,USD,MXN,17.6498
2024-10-28,USD,GBP,0.8083
2024-10-28,USD,SGD,1.3437
2024-10-28,USD,AUD,0.6815
2024-10-28,USD,CNY,7.268
2024-10-29,USD,JPY,152.28
2024-10-29,USD,EUR,0.9437
2024-10-29,USD,BRL,4.7975
2024-10-29,USD,INR,83.6399
2024-10-29,USD,MXN,17.7031
2024-10-29,USD,GBP,0.814
2024-10-29,USD,SGD,1.3844
2024-10-29,USD,AUD,0.6766
2024-10-29,USD,CNY,7.2747
2024-10-30,USD,JPY,153.29
2024-10-30,USD,EUR,0.9395
2024-10-30,USD,BRL,4.5479
2024-10-30,USD,INR,83.9914
2024-10-30,USD,MXN,18.1169
2024-10-30,USD,GBP,0.8094
2024-10-30,USD,SGD,1.3561
2024-10-30,USD,AUD,0.6925
2024-10-30,USD,CNY,7.198
2024-10-31,USD,JPY,152.49
2024-10-31,USD,EUR,0.945
2024-10-31,USD,BRL,4.7465
2024-10-31,USD,INR,83.9201
2024-10-31,USD,MXN,17.9285
2024-10-31,USD,GBP,0.809
2024-10-31,USD,SGD,1.3654
2024-10-31,USD,AUD,0.6811
2024-10-31,USD,CNY,7.0985
2024-11-01,USD,JPY,152.55
2024-11-01,USD,EUR,0.9446
2024-11-01,USD,BRL,4.4709
2024-11-01,USD,INR,83.8307
2024-11-01,USD,MXN,17.8378
2024-11-01,USD,GBP,0.8155
2024-11-01,USD,SGD,1.3808
2024-11-01,USD,AUD,0.673
2024-11-01,USD,CNY,7.2178
2024-11-02,USD,JPY,152.7
2024-11-02,USD,EUR,0.9413
2024-11-02,USD,BRL,4.6008
2024-11-02,USD,INR,83.6059
2024-11-02,USD,MXN,17.7011
2024-11-02,USD,GBP,0.8099
2024-11-02,USD,SGD,1.3714
2024-11-02,USD,AUD,0.6703
2024-11-02,USD,CNY,7.2705
2024-11-03,USD,JPY,152.46
2024-11-03,USD,EUR,0.9449
2024-11-03,USD,BRL,4.6589
2024-11-03,USD,INR,83.7549
2024-11-03,USD,MXN,17.9411
2024-11-03,USD,GBP,0.8042
2024-11-03,USD,SGD,1.3633
2024-11-03,USD,AUD,0.6752
2024-11-03,USD,CNY,7.1888
2024-11-04,USD,JPY,152.73
2024-11-04,USD,EUR,0.936
2024-11-04,USD,BRL,4.5236
2024-11-04,USD,INR,83.7088
2024-11-04,USD,MXN,17.8366
2024-11-04,USD,GBP,0.8057
2024-11-04,USD,SGD,1.3647
2024-11-04,USD,AUD,0.6807
2024-11-04,USD,CNY,7.2703
2024-11-05,USD,JPY,152.54
2024-11-05,USD,EUR,0.9378
2024-11-05,USD,BRL,4.4647
2024-11-05,USD,INR,83.6724
2024-11-05,USD,MXN,17.8245
2024-11-05,USD,GBP,0.8031
2024-11-05,USD,SGD,1.3524
2024-11-05,USD,AUD,0.6733
2024-11-05,USD,CNY,7.2361
2024-11-06,USD,JPY,153.2
2024-11-06,USD,EUR,0.9412
2024-11-06,USD,BRL,4.5242
2024-11-06,USD,INR,83.5886
2024-11-06,USD,MXN,17.8747
2024-11-06,USD,GBP,0.8027
2024-11-06,USD,SGD,1.3712
2024-11-06,USD,AUD,0.6627
2024-11-06,USD,CNY,7.2094
2024-11-07,USD,JPY,153.09
2024-11-07,USD,EUR,0.945
2024-11-07,USD,BRL,4.8317
2024-11-07,USD,INR,83.848
2024-11-07,USD,MXN,17.731
2024-11-07,USD,GBP,0.8066
2024-11-07,USD,SGD,1.3478
2024-11-07,USD,AUD,0.6764
2024-11-07,USD,CNY,7.1862
2024-11-08,USD,JPY,153.44
2024-11-08,USD,EUR,0.9414
2024-11-08,USD,BRL,4.5479
2024-11-08,USD,INR,83.6551
2024-11-08,USD,MXN,18.1447
2024-11-08,USD,GBP,0.8055
2024-11-08,USD,SGD,1.384
2024-11-08,USD,AUD,0.6836
2024-11-08,USD,CNY,7.2523
2024-11-09,USD,JPY,153.2
2024-11-09,USD,EUR,0.9463
2024-11-09,USD,BRL,4.3644
2024-11-09,USD,INR,83.7305
2024-11-09,USD,MXN,18.0128
2024-11-09,USD,GBP,0.8069
2024-11-09,USD,SGD,1.3517
2024-11-09,USD,AUD,0.6767
2024-11-09,USD,CNY,7.3138
2024-11-10,USD,JPY,153.68
2024-11-10,USD,EUR,0.9441
2024-11-10,USD,BRL,4.6503
2024-11-10,USD,INR,83.7171
2024-11-10,USD,MXN,17.6326
2024-11-10,USD,GBP,0.8026
2024-11-10,USD,SGD,1.3814
2024-11-10,USD,AUD,0.675
2024-11-10,USD,CNY,7.2169
2024-11-11,USD,JPY,152.95
2024-11-11,USD,EUR,0.954
2024-11-11,USD,BRL,4.716
2024-11-11,USD,INR,84.2383
2024-11-11,USD,MXN,17.8666
2024-11-11,USD,GBP,0.8087
2024-11-11,USD,SGD,1.3507
2024-11-11,USD,AUD,0.6891
2024-11-11,USD,CNY,7.1711
2024-11-12,USD,JPY,153.25
2024-11-12,USD,EUR,0.9391
2024-11-12,USD,BRL,4.4931
2024-11-12,USD,INR,83.6312
2024-11-12,USD,MXN,17.8014
2024-11-12,USD,GBP,0.8046
2024-11-12,USD,SGD,1.3605
2024-11-12,USD,AUD,0.684
2024-11-12,USD,CNY,7.1746
2024-11-13,USD,JPY,153.29
2024-11-13,USD,EUR,0.9508
2024-11-13,USD,BRL,4.4997
2024-11-13,USD,INR,83.6592
2024-11-13,USD,MXN,17.8602
2024-11-13,USD,GBP,0.8133
2024-11-13,USD,SGD,1.368
2024-11-13,USD,AUD,0.6731
2024-11-13,USD,CNY,7.2545
2024-11-14,USD,JPY,152.67
2024-11-14,USD,EUR,0.9483
2024-11-14,USD,BRL,4.5912
2024-11-14,USD,INR,83.7453
2024-11-14,USD,MXN,17.7712
2024-11-14,USD,GBP,0.803
2024-11-14,USD,SGD,1.3715
2024-11-14,USD,AUD,0.6873
2024-11-14,USD,CNY,7.1988
2024-11-15,USD,JPY,153.49
2024-11-15,USD,EUR,0.9345
2024-11-15,USD,BRL,4.4916
2024-11-15,USD,INR,83.8047
2024-11-15,USD,MXN,17.7627
2024-11-15,USD,GBP,0.8028
2024-11-15,USD,SGD,1.3595
2024-11-15,USD,AUD,0.6798
2024-11-15,USD,CNY,7.2217
2024-11-16,USD,JPY,152.18
2024-11-16,USD,EUR,0.9345
2024-11-16,USD,BRL,4.4894
2024-11-16,USD,INR,83.9066
2024-11-16,USD,MXN,17.4892
2024-11-16,USD,GBP,0.805
2024-11-16,USD,SGD,1.361
2024-11-16,USD,AUD,0.6886
2024-11-16,USD,CNY,7.2123
2024-11-17,USD,JPY,153.53
2024-11-17,USD,EUR,0.9459
2024-11-17,USD,BRL,4.3374
2024-11-17,USD,INR,83.9728
2024-11-17,USD,MXN,17.9359
2024-11-17,USD,GBP,0.8101
2024-11-17,USD,SGD,1.4056
2024-11-17,USD,AUD,0.6609
2024-11-17,USD,CNY,7.3182
2024-11-18,USD,JPY,153.24
2024-11-18,USD,EUR,0.9467
2024-11-18,USD,BRL,4.5467
2024-11-18,USD,INR,83.7384
2024-11-18,USD,MXN,17.8203
2024-11-18,USD,GBP,0.8093
2024-11-18,USD,SGD,1.3513
2024-11-18,USD,AUD,0.6836
2024-11-18,USD,CNY,7.2115
2024-11-19,USD,JPY,152.85
2024-11-19,USD,EUR,0.9431
2024-11-19,USD,BRL,4.678
2024-11-19,USD,INR,83.7203
2024-11-19,USD,MXN,17.9617
2024-11-19,USD,GBP,0.804
2024-11-19,USD,SGD,1.3741
2024-11-19,USD,AUD,0.6832
2024-11-19,USD,CNY,7.3252
2024-11-20,USD,JPY,153.37
2024-11-20,USD,EUR,0.9489
2024-11-20,USD,BRL,4.5636
2024-11-20,USD,INR,84.0907
2024-11-20,USD,MXN,17.8023
2024-11-20,USD,GBP,0.8115
2024-11-20,USD,SGD,1.3647
2024-11-20,USD,AUD,0.6772
2024-11-20,USD,CNY,7.2377
2024-11-21,USD,JPY,153.63
2024-11-21,USD,EUR,0.945
2024-11-21,USD,BRL,4.5771
2024-11-21,USD,INR,84.1512
2024-11-21,USD,MXN,18.0601
2024-11-21,USD,GBP,0.8122
2024-11-21,USD,SGD,1.3622
2024-11-21,USD,AUD,0.6707
2024-11-21,USD,CNY,7.2813
2024-11-22,USD,JPY,153.98
2024-11-22,USD,EUR,0.9531
2024-11-22,USD,BRL,4.4974
2024-11-22,USD,INR,83.7938
2024-11-22,USD,MXN,17.6686
2024-11-22,USD,GBP,0.8059
2024-11-22,USD,SGD,1.3768
2024-11-22,USD,AUD,0.6741
2024-11-22,USD,CNY,7.266
2024-11-23,USD,JPY,153.48
2024-11-23,USD,EUR,0.9475
2024-11-23,USD,BRL,4.4455
2024-11-23,USD,INR,83.8609
2024-11-23,USD,MXN,17.468
2024-11-23,USD,GBP,0.807
2024-11-23,USD,SGD,1.3506
2024-11-23,USD,AUD,0.6876
2024-11-23,USD,CNY,7.2733
2024-11-24,USD,JPY,153.85
2024-11-24,USD,EUR,0.9536
2024-11-24,USD,BRL,4.4682
2024-11-24,USD,INR,84.1974
2024-11-24,USD,MXN,18.0587
2024-11-24,USD,GBP,0.8068
2024-11-24,USD,SGD,1.3783
2024-11-24,USD,AUD,0.6691
2024-11-24,USD,CNY,7.1936
2024-11-25,USD,JPY,153.36
2024-11-25,USD,EUR,0.9434
2024-11-25,USD,BRL,4.4607
2024-11-25,USD,INR,84.0967
2024-11-25,USD,MXN,17.8823
2024-11-25,USD,GBP,0.8098
2024-11-25,USD,SGD,1.3613
2024-11-25,USD,AUD,0.6635
2024-11-25,USD,CNY,7.2487
2024-11-26,USD,JPY,152.74
2024-11-26,USD,EUR,0.9458
2024-11-26,USD,BRL,4.433
2024-11-26,USD,INR,84.2536
2024-11-26,USD,MXN,18.06
2024-11-26,USD,GBP,0.8086
2024-11-26,USD,SGD,1.3798
2024-11-26,USD,AUD,0.6713
2024-11-26,USD,CNY,7.2628
2024-11-27,USD,JPY,153.84
2024-11-27,USD,EUR,0.9476
2024-11-27,USD,BRL,4.7009
2024-11-27,USD,INR,84.0068
2024-11-27,USD,MXN,17.9688
2024-11-27,USD,GBP,0.7999
2024-11-27,USD,SGD,1.3576
2024-11-27,USD,AUD,0.6772
2024-11-27,USD,CNY,7.2407
2024-11-28,USD,JPY,153.21
2024-11-28,USD,EUR,0.9584
2024-11-28,USD,BRL,4.7295
2024-11-28,USD,INR,83.9848
2024-11-28,USD,MXN,17.9385
2024-11-28,USD,GBP,0.8071
2024-11-28,USD,SGD,1.3578
2024-11-28,USD,AUD,0.6788
2024-11-28,USD,CNY,7.2493
2024-11-29,USD,JPY,153.2
2024-11-29,USD,EUR,0.9482
2024-11-29,USD,BRL,4.5669
2024-11-29,USD,INR,83.4869
2024-11-29,USD,MXN,17.8008
2024-11-29,USD,GBP,0.8062
2024-11-29,USD,SGD,1.3862
2024-11-29,USD,AUD,0.6827
2024-11-29,USD,CNY,7.1701
2024-11-30,USD,JPY,154.1
2024-11-30,USD,EUR,0.9389
2024-11-30,USD,BRL,4.6955
2024-11-30,USD,INR,83.7784
2024-11-30,USD,MXN,17.918
2024-11-30,USD,GBP,0.8149
2024-11-30,USD,SGD,1.3546
2024-11-30,USD,AUD,0.6671
2024-11-30,USD,CNY,7.2081
2024-12-01,USD,JPY,154.42
2024-12-01,USD,EUR,0.9391
2024-12-01,USD,BRL,4.3092
2024-12-01,USD,INR,83.7865
2024-12-01,USD,MXN,18.017
2024-12-01,USD,GBP,0.8144
2024-12-01,USD,SGD,1.3629
2024-12-01,USD,AUD,0.6751
2024-12-01,USD,CNY,7.2954
2024-12-02,USD,JPY,153.01
2024-12-02,USD,EUR,0.9449
2024-12-02,USD,BRL,4.6169
2024-12-02,USD,INR,83.9707
2024-12-02,USD,MXN,17.86
2024-12-02,USD,GBP,0.8086
2024-12-02,USD,SGD,1.3427
2024-12-02,USD,AUD,0.6731
2024-12-02,USD,CNY,7.2608
2024-12-03,USD,JPY,153.49
2024-12-03,USD,EUR,0.9472
2024-12-03,USD,BRL,4.6482
2024-12-03,USD,INR,83.8164
2024-12-03,USD,MXN,17.9642
2024-12-03,USD,GBP,0.8037
2024-12-03,USD,SGD,1.3656
2024-12-03,USD,AUD,0.6833
2024-12-03,USD,CNY,7.2463
2024-12-04,USD,JPY,153.73
2024-12-04,USD,EUR,0.9482
2024-12-04,USD,BRL,4.6811
2024-12-04,USD,INR,83.4791
2024-12-04,USD,MXN,18.1147
2024-12-04,USD,GBP,0.8068
2024-12-04,USD,SGD,1.372
2024-12-04,USD,AUD,0.6881
2024-12-04,USD,CNY,7.1703
2024-12-05,USD,JPY,153.71
2024-12-05,USD,EUR,0.9457
2024-12-05,USD,BRL,4.5375
2024-12-05,USD,INR,84.2401
2024-12-05,USD,MXN,17.8145
2024-12-05,USD,GBP,0.8058
2024-12-05,USD,SGD,1.3699
2024-12-05,USD,AUD,0.669
2024-12-05,USD,CNY,7.2195
2024-12-06,USD,JPY,154.26
2024-12-06,USD,EUR,0.9456
2024-12-06,USD,BRL,4.6132
2024-12-06,USD,INR,83.7914
2024-12-06,USD,MXN,17.718
2024-12-06,USD,GBP,0.8102
2024-12-06,USD,SGD,1.3855
2024-12-06,USD,AUD,0.6788
2024-12-06,USD,CNY,7.251
2024-12-07,USD,JPY,154.49
2024-12-07,USD,EUR,0.941
2024-12-07,USD,BRL,4.7996
2024-12-07,USD,INR,83.9418
2024-12-07,USD,MXN,18.1922
2024-12-07,USD,GBP,0.805
2024-12-07,USD,SGD,1.3862
2024-12-07,USD,AUD,0.6849
2024-12-07,USD,CNY,7.2678
2024-12-08,USD,JPY,154.3
2024-12-08,USD,EUR,0.9462
2024-12-08,USD,BRL,4.7566
2024-12-08,USD,INR,83.9336
2024-12-08,USD,MXN,17.6545
2024-12-08,USD,GBP,0.8032
2024-12-08,USD,SGD,1.3663
2024-12-08,USD,AUD,0.6812
2024-12-08,USD,CNY,7.2377
2024-12-09,USD,JPY,154.83
2024-12-09,USD,EUR,0.9378
2024-12-09,USD,BRL,4.6582
2024-12-09,USD,INR,83.546
2024-12-09,USD,MXN,18.0657
2024-12-09,USD,GBP,0.8083
2024-12-09,USD,SGD,1.3724
2024-12-09,USD,AUD,0.6719
2024-12-09,USD,CNY,7.3049
2024-12-10,USD,JPY,154.78
2024-12-10,USD,EUR,0.9506
2024-12-10,USD,BRL,4.6386
2024-12-10,USD,INR,84.0297
2024-12-10,USD,MXN,17.8479
2024-12-10,USD,GBP,0.8131
2024-12-10,USD,SGD,1.3848
2024-12-10,USD,AUD,0.6874
2024-12-10,USD,CNY,7.2049
2024-12-11,USD,JPY,154.48
2024-12-11,USD,EUR,0.9413
2024-12-11,USD,BRL,4.7166
2024-12-11,USD,INR,84.0079
2024-12-11,USD,MXN,17.6757
2024-12-11,USD,GBP,0.8031
2024-12-11,USD,SGD,1.3655
2024-12-11,USD,AUD,0.6765
2024-12-11,USD,CNY,7.1813
2024-12-12,USD,JPY,154.53
2024-12-12,USD,EUR,0.9492
2024-12-12,USD,BRL,4.648
2024-12-12,USD,INR,83.7708
2024-12-12,USD,MXN,18.1157
2024-12-12,USD,GBP,0.8172
2024-12-12,USD,SGD,1.3636
2024-12-12,USD,AUD,0.6741
2024-12-12,USD,CNY,7.2668
2024-12-13,USD,JPY,154.2
2024-12-13,USD,EUR,0.9473
2024-12-13,USD,BRL,4.7497
2024-12-13,USD,INR,83.5442
2024-12-13,USD,MXN,18.1583
2024-12-13,USD,GBP,0.8094
2024-12-13,USD,SGD,1.3644
2024-12-13,USD,AUD,0.6783
2024-12-13,USD,CNY,7.2407
2024-12-14,USD,JPY,153.55
2024-12-14,USD,EUR,0.9556
2024-12-14,USD,BRL,4.6884
2024-12-14,USD,INR,84.0187
2024-12-14,USD,MXN,18.1055
2024-12-14,USD,GBP,0.804
2024-12-14,USD,SGD,1.3733
2024-12-14,USD,AUD,0.6769
2024-12-14,USD,CNY,7.2854
2024-12-15,USD,JPY,153.4
2024-12-15,USD,EUR,0.9478
2024-12-15,USD,BRL,4.6327
2024-12-15,USD,INR,84.0207
2024-12-15,USD,MXN,18.0354
2024-12-15,USD,GBP,0.8056
2024-12-15,USD,SGD,1.3616
2024-12-15,USD,AUD,0.6782
2024-12-15,USD,CNY,7.1986
2024-12-16,USD,JPY,154.92
2024-12-16,USD,EUR,0.9465
2024-12-16,USD,BRL,4.4112
2024-12-16,USD,INR,83.8634
2024-12-16,USD,MXN,17.8113
2024-12-16,USD,GBP,0.801
2024-12-16,USD,SGD,1.3564
2024-12-16,USD,AUD,0.6801
2024-12-16,USD,CNY,7.3103
2024-12-17,USD,JPY,154.7
2024-12-17,USD,EUR,0.9454
2024-12-17,USD,BRL,4.7565
2024-12-17,USD,INR,83.8506
2024-12-17,USD,MXN,17.8651
2024-12-17,USD,GBP,0.8035
2024-12-17,USD,SGD,1.3513
2024-12-17,USD,AUD,0.6761
2024-12-17,USD,CNY,7.2521
2024-12-18,USD,JPY,154.53
2024-12-18,USD,EUR,0.9465
2024-12-18,USD,BRL,4.6256
2024-12-18,USD,INR,84.0682
2024-12-18,USD,MXN,17.7739
2024-12-18,USD,GBP,0.8132
2024-12-18,USD,SGD,1.3589
2024-12-18,USD,AUD,0.6733
2024-12-18,USD,CNY,7.1713
2024-12-19,USD,JPY,154.37
2024-12-19,USD,EUR,0.9536
2024-12-19,USD,BRL,4.7811
2024-12-19,USD,INR,84.1464
2024-12-19,USD,MXN,18.052
2024-12-19,USD,GBP,0.8038
2024-12-19,USD,SGD,1.3657
2024-12-19,USD,AUD,0.6731
2024-12-19,USD,CNY,7.3116
2024-12-20,USD,JPY,154.06
2024-12-20,USD,EUR,0.9533
2024-12-20,USD,BRL,4.8284
2024-12-20,USD,INR,84.3207
2024-12-20,USD,MXN,17.9144
2024-12-20,USD,GBP,0.813
2024-12-20,USD,SGD,1.3919
2024-12-20,USD,AUD,0.6745
2024-12-20,USD,CNY,7.1687
2024-12-21,USD,JPY,153.76
2024-12-21,USD,EUR,0.9525
2024-12-21,USD,BRL,4.5604
2024-12-21,USD,INR,83.8844
2024-12-21,USD,MXN,18.0437
2024-12-21,USD,GBP,0.8104
2024-12-21,USD,SGD,1.3734
2024-12-21,USD,AUD,0.6812
2024-12-21,USD,CNY,7.3098
2024-12-22,USD,JPY,154.26
2024-12-22,USD,EUR,0.9456
2024-12-22,USD,BRL,4.6813
2024-12-22,USD,INR,84.1291
2024-12-22,USD,MXN,18.1153
2024-12-22,USD,GBP,0.8118
2024-12-22,USD,SGD,1.3811
2024-12-22,USD,AUD,0.6701
2024-12-22,USD,CNY,7.3297
2024-12-23,USD,JPY,155.54
2024-12-23,USD,EUR,0.9528
2024-12-23,USD,BRL,4.9466
2024-12-23,USD,INR,83.6358
2024-12-23,USD,MXN,17.9038
2024-12-23,USD,GBP,0.8059
2024-12-23,USD,SGD,1.3766
2024-12-23,USD,AUD,0.6712
2024-12-23,USD,CNY,7.2846
2024-12-24,USD,JPY,155.51
2024-12-24,USD,EUR,0.9527
2024-12-24,USD,BRL,4.8068
2024-12-24,USD,INR,83.7737
2024-12-24,USD,MXN,17.8576
2024-12-24,USD,GBP,0.8159
2024-12-24,USD,SGD,1.3772
2024-12-24,USD,AUD,0.6793
2024-12-24,USD,CNY,7.2262
2024-12-25,USD,JPY,153.85
2024-12-25,USD,EUR,0.944
2024-12-25,USD,BRL,4.9796
2024-12-25,USD,INR,83.7193
2024-12-25,USD,MXN,18.0153
2024-12-25,USD,GBP,0.8147
2024-12-25,USD,SGD,1.357
2024-12-25,USD,AUD,0.6811
2024-12-25,USD,CNY,7.2944
2024-12-26,USD,JPY,154.91
2024-12-26,USD,EUR,0.9638
2024-12-26,USD,BRL,4.6318
2024-12-26,USD,INR,84.1912
2024-12-26,USD,MXN,17.9631
2024-12-26,USD,GBP,0.8136
2024-12-26,USD,SGD,1.374
2024-12-26,USD,AUD,0.6739
2024-12-26,USD,CNY,7.2594
2024-12-27,USD,JPY,154.01
2024-12-27,USD,EUR,0.9526
2024-12-27,USD,BRL,4.8386
2024-12-27,USD,INR,84.1113
2024-12-27,USD,MXN,18.15
2024-12-27,USD,GBP,0.8116
2024-12-27,USD,SGD,1.3712
2024-12-27,USD,AUD,0.6727
2024-12-27,USD,CNY,7.2127
2024-12-28,USD,JPY,155.57
2024-12-28,USD,EUR,0.9569
2024-12-28,USD,BRL,4.7953
2024-12-28,USD,INR,83.9969
2024-12-28,USD,MXN,17.8577
2024-12-28,USD,GBP,0.8157
2024-12-28,USD,SGD,1.3764
2024-12-28,USD,AUD,0.6954
2024-12-28,USD,CNY,7.2049
2024-12-29,USD,JPY,154.83
2024-12-29,USD,EUR,0.9509
2024-12-29,USD,BRL,4.894
2024-12-29,USD,INR,83.9486
2024-12-29,USD,MXN,17.8647
2024-12-29,USD,GBP,0.8143
2024-12-29,USD,SGD,1.377
2024-12-29,USD,AUD,0.6726
2024-12-29,USD,CNY,7.317
2024-12-30,USD,JPY,155.65
2024-12-30,USD,EUR,0.9506
2024-12-30,USD,BRL,4.8476
2024-12-30,USD,INR,84.1067
2024-12-30,USD,MXN,17.8686
2024-12-30,USD,GBP,0.8101
2024-12-30,USD,SGD,1.3484
2024-12-30,USD,AUD,0.687
2024-12-30,USD,CNY,7.1715
2024-12-31,USD,JPY,155.85
2024-12-31,USD,EUR,0.9483
2024-12-31,USD,BRL,4.8288
2024-12-31,USD,INR,83.8745
2024-12-31,USD,MXN,17.9568
2024-12-31,USD,GBP,0.8171
2024-12-31,USD,SGD,1.3451
2024-12-31,USD,AUD,0.6902
2024-12-31,USD,CNY,7.2669
2025-01-01,USD,JPY,154.54
2025-01-01,USD,EUR,0.9447
2025-01-01,USD,BRL,5.028
2025-01-01,USD,INR,83.815
2025-01-01,USD,MXN,17.8292
2025-01-01,USD,GBP,0.8157
2025-01-01,USD,SGD,1.3735
2025-01-01,USD,AUD,0.6726
2025-01-01,USD,CNY,7.2612
2025-01-01,USD,USD,1.0000
